pdb_id,ligand,scenario,exp_Ki_nM,exp_type,exp_unit,boltz_prob_mean,boltz_pred_value_mean
3DC3,AZM,default,25.0,Ki,nM,0.997369388739268,-1.7120757102966309
3DC3,AZM,crystal_pocket,25.0,Ki,nM,0.9973962108294169,-1.7360634803771973
3DC3,AZM,diffdock_pocket,25.0,Ki,nM,0.9975402355194092,-1.7521371841430664
3K7K,KCS,default,8800.0,Ki,nM,0.8145431280136108,0.6355435152848562
3KWA,SPM,default,84000.0,Ki,nM,0.4605461011330287,1.8783800601959229
3KWA,SPM,crystal_pocket,84000.0,Ki,nM,0.33319758375485736,1.8067460457483928
3KWA,SPM,diffdock_pocket,84000.0,Ki,nM,0.4821665982405345,1.4113285144170125
3L14,I7B,default,75.0,Ki,nM,0.9500166773796082,-0.663221538066864
3L14,I7B,crystal_pocket,75.0,Ki,nM,0.9613247513771057,-0.7530969182650248
3L14,I7B,diffdock_pocket,75.0,Ki,nM,0.9660136500994364,-0.7734110951423645
3M2Y,BE0,default,148.0,Ki,nM,0.9763066172599792,0.05998006463050842
3M2Y,BE0,crystal_pocket,148.0,Ki,nM,0.6942619283994039,0.5985198467969894
3M2Y,BE0,diffdock_pocket,148.0,Ki,nM,0.9607914487520853,0.0555302860836188
3M3X,JS7,default,70.0,Kd,nM,0.9901082714398702,-1.6150107383728027
3M3X,JS7,crystal_pocket,70.0,Kd,nM,0.9935246109962463,-1.7778103748957317
3M3X,JS7,diffdock_pocket,70.0,Kd,nM,0.9943524599075317,-1.835841457049052
3M40,J45,default,90.0,Kd,nM,0.9894792040189108,-1.4857730865478516
3M40,J45,crystal_pocket,90.0,Kd,nM,0.9903358221054077,-1.580393115679423
3M40,J45,diffdock_pocket,90.0,Kd,nM,0.9925925930341085,-1.6895406643549602
3M5E,JDR,default,24.0,Kd,nM,0.9936967889467875,-2.346876621246338
3M5E,JDR,crystal_pocket,24.0,Kd,nM,0.9966307679812113,-2.5622949600219727
3M5E,JDR,diffdock_pocket,24.0,Kd,nM,0.9969562292098999,-2.5188684463500977
3M67,E36,default,1800.0,Kd,nM,0.9886911908785502,-1.6125568946202595
3M67,E36,crystal_pocket,1800.0,Kd,nM,0.9889066020647684,-1.6910980145136516
3M67,E36,diffdock_pocket,1800.0,Kd,nM,0.9942200779914856,-2.1745808124542236
3M98,E02,default,4.900000095367432,Kd,nM,0.9737945199012756,-0.3431955675284068
3M98,E02,crystal_pocket,4.900000095367432,Kd,nM,0.9836287498474121,-0.7648285826047262
3M98,E02,diffdock_pocket,4.900000095367432,Kd,nM,0.9832312067349752,-0.7335323294003805
3MHI,J90,default,200.0,Kd,nM,0.9929080009460449,-1.5998966296513875
3MHI,J90,crystal_pocket,200.0,Kd,nM,0.974366287390391,-0.9427701234817505
3MHI,J90,diffdock_pocket,200.0,Kd,nM,0.9952884713808695,-1.6724484364191692
3MHL,J71,default,50.0,Kd,nM,0.9905375440915426,-1.4383720954259236
3MHL,J71,crystal_pocket,50.0,Kd,nM,0.992807149887085,-1.567865014076233
3MHL,J71,diffdock_pocket,50.0,Kd,nM,0.9918342630068461,-1.5009099245071411
3MHM,J75,default,100.0,Kd,nM,0.9844444990158081,-0.8828868865966797
3MHM,J75,crystal_pocket,100.0,Kd,nM,0.9884368777275085,-1.063046932220459
3MHM,J75,diffdock_pocket,100.0,Kd,nM,0.9825504819552103,-0.9595979452133179
3MHO,J43,default,170.0,Kd,nM,0.9818112651507059,-1.149850885073344
3MHO,J43,crystal_pocket,170.0,Kd,nM,0.9870312213897705,-1.3214654922485352
3MHO,J43,diffdock_pocket,170.0,Kd,nM,0.9859320918718973,-1.2524747451146443
3ML2,SU0,default,9.0,Ki,nM,0.996997594833374,-1.787017822265625
3ML2,SU0,crystal_pocket,9.0,Ki,nM,0.9984475572903951,-1.986720363299052
3ML2,SU0,diffdock_pocket,9.0,Ki,nM,0.9981034994125366,-1.953535795211792
3MMF,D9H,default,37.0,Ki,nM,0.9877668817838033,-1.5740220546722412
3MMF,D9H,crystal_pocket,37.0,Ki,nM,0.9901490807533264,-1.7232528924942017
3MMF,D9H,diffdock_pocket,37.0,Ki,nM,0.9888749718666077,-1.7539848883946736
3MNA,DWH,default,41.0,Ki,nM,0.9888340433438619,-1.5799589157104492
3MNA,DWH,crystal_pocket,41.0,Ki,nM,0.9917589624722799,-1.5885490973790486
3MNA,DWH,diffdock_pocket,41.0,Ki,nM,0.9920687874158224,-1.7144065300623577
3MZC,S6I,default,226.0,Ki,nM,0.9968609809875488,-0.9627721110979716
3MZC,S6I,crystal_pocket,226.0,Ki,nM,0.9973737597465515,-1.0603396892547607
3MZC,S6I,diffdock_pocket,226.0,Ki,nM,0.9973805944124857,-0.917257567246755
3N0N,P9B,default,50.0,Ki,nM,0.9836384057998657,-1.3513717254002888
3N0N,P9B,crystal_pocket,50.0,Ki,nM,0.9828515648841858,-1.0643835067749023
3N0N,P9B,diffdock_pocket,50.0,Ki,nM,0.9849488536516825,-1.4897609949111938
3N3J,WWV,default,3.299999952316284,Ki,nM,0.9967119892438253,-2.0701594750086465
3N3J,WWV,crystal_pocket,3.299999952316284,Ki,nM,0.9975927472114563,-2.0382124980290732
3N3J,WWV,diffdock_pocket,3.299999952316284,Ki,nM,0.9973647395769755,-2.0706629753112793
3N4B,WWZ,default,96.0,Ki,nM,0.9841964840888977,-0.11517652869224548
3N4B,WWZ,crystal_pocket,96.0,Ki,nM,0.9895224372545878,-0.14864367246627808
3N4B,WWZ,diffdock_pocket,96.0,Ki,nM,0.9883920947710673,-0.14897295832633972
3NB5,R21,default,18.0,Ki,nM,0.9941302339235941,-1.9558944702148438
3NB5,R21,crystal_pocket,18.0,Ki,nM,0.9936505754788717,-2.1999653975168862
3NB5,R21,diffdock_pocket,18.0,Ki,nM,0.9945329229036967,-2.0146413246790567
3NI5,C1H,default,28.0,Ki,nM,0.9940016071001688,-2.010661999384562
3NI5,C1H,crystal_pocket,28.0,Ki,nM,0.9959221084912618,-2.1791627407073975
3NI5,C1H,diffdock_pocket,28.0,Ki,nM,0.9953305125236511,-2.236933946609497
3OY0,OY0,default,10.100000381469728,Ki,nM,0.9966906309127808,-1.3795499801635742
3OY0,OY0,crystal_pocket,10.100000381469728,Ki,nM,0.9965460300445557,-1.3493502140045166
3OY0,OY0,diffdock_pocket,10.100000381469728,Ki,nM,0.9968444108963013,-1.3669952154159546
3OYS,OYS,default,107.0,Ki,nM,0.9972543517748514,-1.6092507441838582
3OYS,OYS,crystal_pocket,107.0,Ki,nM,0.9980429212252299,-1.6919419368108113
3OYS,OYS,diffdock_pocket,107.0,Ki,nM,0.9982377886772156,-1.694162090619405
3P4V,PMX,default,8000.0,Ki,nM,0.6222739120324453,1.0246463119983673
3P4V,PMX,crystal_pocket,8000.0,Ki,nM,0.6800713439782461,0.8261791964372
3P4V,PMX,diffdock_pocket,8000.0,Ki,nM,0.6535279055436453,0.9140874147415161
3QYK,IE2,default,49.0,Ki,nM,0.9861322045326233,-1.6735686858495076
3QYK,IE2,crystal_pocket,49.0,Ki,nM,0.9922868212064108,-2.0022263129552207
3QYK,IE2,diffdock_pocket,49.0,Ki,nM,0.9924560785293579,-2.0533652702967324
3S8X,E59,default,67.0,Kd,nM,0.9927360812822977,-1.4419948657353718
3S8X,E59,crystal_pocket,67.0,Kd,nM,0.9949542085329691,-1.7158052523930867
3S8X,E59,diffdock_pocket,67.0,Kd,nM,0.994255781173706,-1.5867801904678345
3S9T,E49,default,220.0,Kd,nM,0.9815207123756409,-1.1539072593053181
3S9T,E49,crystal_pocket,220.0,Kd,nM,0.9829990863800049,-1.4761009613672893
3S9T,E49,diffdock_pocket,220.0,Kd,nM,0.9831356008847555,-1.5868300994237263
3SAP,E2I,default,26.0,Kd,nM,0.9963412086168925,-2.076390027999878
3SAP,E2I,crystal_pocket,26.0,Kd,nM,0.9977794289588928,-2.3353333473205566
3SAP,E2I,diffdock_pocket,26.0,Kd,nM,0.9970292051633199,-2.247493346532186
3SAX,E50,default,140.0,Kd,nM,0.9874136249224345,-1.4500510692596436
3SAX,E50,crystal_pocket,140.0,Kd,nM,0.9882049759229025,-1.4539037148157756
3SAX,E50,diffdock_pocket,140.0,Kd,nM,0.9910100698471069,-1.5086767276128132
3SBH,E65,default,33.0,Kd,nM,0.9948203563690186,-1.745840072631836
3SBH,E65,crystal_pocket,33.0,Kd,nM,0.9956457614898682,-1.8114938338597615
3SBH,E65,diffdock_pocket,33.0,Kd,nM,0.996197521686554,-1.876131574312846
3SBI,E90,default,17.0,Kd,nM,0.9962600668271383,-1.9227022727330525
3SBI,E90,crystal_pocket,17.0,Kd,nM,0.9970763325691223,-2.0019284089406333
3SBI,E90,diffdock_pocket,17.0,Kd,nM,0.9974822799364725,-2.0823516845703125
3V5G,0F3,default,123.0,Ki,nM,0.9406640728314718,-0.6979348460833231
3V5G,0F3,crystal_pocket,123.0,Ki,nM,0.9087285002072653,-0.07537692785263062
3V5G,0F3,diffdock_pocket,123.0,Ki,nM,0.9467782378196716,-0.7260446747144064
4CQ0,SXS,default,50000.0,Ki,nM,0.7887219190597534,0.705735445022583
4CQ0,SXS,crystal_pocket,50000.0,Ki,nM,0.8041842182477316,0.7221213777860006
4CQ0,SXS,diffdock_pocket,50000.0,Ki,nM,0.8168122967084249,0.591701606909434
4DZ7,D02,default,450.0,Ki,nM,0.9972417950630188,-1.9201140801111858
4DZ7,D02,crystal_pocket,450.0,Ki,nM,0.9982023040453593,-1.9471330642700195
4DZ7,D02,diffdock_pocket,450.0,Ki,nM,0.9985970854759216,-1.9820387760798137
4E3D,GTQ,default,5000000.0,IC50,nM,0.5285727282365164,1.4753687381744385
4E3D,GTQ,crystal_pocket,5000000.0,IC50,nM,0.34396854043006897,1.8964011669158936
4E3D,GTQ,diffdock_pocket,5000000.0,IC50,nM,0.6328351696332296,1.556358774503072
4E3F,GRE,default,5200.0,Ki,nM,0.6268023252487183,1.4107721249262493
4E3F,GRE,crystal_pocket,5200.0,Ki,nM,0.5255705614884695,1.9121067126592
4E3F,GRE,diffdock_pocket,5200.0,Ki,nM,0.6965088645617167,1.1680572032928467
4E3G,SO4,default,183000000.0,Ki,nM,0.6480913360913595,0.4502575993537903
4E3G,SO4,crystal_pocket,183000000.0,Ki,nM,0.16545018088072538,1.0699658244848251
4E3G,SO4,diffdock_pocket,183000000.0,Ki,nM,0.7964103023211161,0.3355908493200938
4E3H,HQE,default,90.0,Ki,nM,0.7156141002972921,1.0769461393356323
4E3H,HQE,crystal_pocket,90.0,Ki,nM,0.7503131628036499,1.3614418506622314
4E3H,HQE,diffdock_pocket,90.0,Ki,nM,0.7532050013542175,1.2597332398096721
4E49,SO4,default,300000000.0,Ki,nM,0.6816422939300537,0.44128960371017456
4E49,SO4,crystal_pocket,300000000.0,Ki,nM,0.8275767763455709,0.2045603096485138
4E49,SO4,diffdock_pocket,300000000.0,Ki,nM,0.8028479814529419,0.3461003204186757
4E4A,SO4,default,200000000.0,Ki,nM,0.6432417631149292,0.511324092745781
4E4A,SO4,crystal_pocket,200000000.0,Ki,nM,0.28705042600631714,0.8920636375745138
4E4A,SO4,diffdock_pocket,200000000.0,Ki,nM,0.8151597380638123,0.1985976149638494
4E5Q,0NM,default,30000.0,Ki,nM,0.5277087688446045,0.7873925964037577
4E5Q,0NM,crystal_pocket,30000.0,Ki,nM,0.5801016688346863,0.969205379486084
4E5Q,0NM,diffdock_pocket,30000.0,Ki,nM,0.6208814978599548,0.9813762903213501
4HT0,V50,default,10.0,Kd,nM,0.9985458652178446,-2.524860143661499
4HT0,V50,crystal_pocket,10.0,Kd,nM,0.9986252586046854,-2.522791306177775
4HT0,V50,diffdock_pocket,10.0,Kd,nM,0.9990263183911642,-2.597714980443319
4K0S,AZM,default,25.0,Ki,nM,0.9973313808441162,-1.726794997851054
4K0S,AZM,crystal_pocket,25.0,Ki,nM,0.9976557691891988,-1.766297459602356
4K0S,AZM,diffdock_pocket,25.0,Ki,nM,0.9975051879882812,-1.721297303835551
4KNI,E1E,default,11.0,Ki,nM,0.9944266279538473,-2.2628366947174072
4KNI,E1E,crystal_pocket,11.0,Ki,nM,0.9961673617362976,-2.4632158279418945
4KNI,E1E,diffdock_pocket,11.0,Ki,nM,0.9944313764572144,-2.3314878940582275
4KNJ,E1F,default,0.1099999994039535,Kd,nM,0.993595023949941,-2.1844645341237388
4KNJ,E1F,crystal_pocket,0.1099999994039535,Kd,nM,0.9957098960876465,-2.322457790374756
4KNJ,E1F,diffdock_pocket,0.1099999994039535,Kd,nM,0.9952470064163208,-2.4164435863494873
4MO8,2VQ,default,10.0,Ki,nM,0.9634179472923279,-1.2337679862976074
4MO8,2VQ,crystal_pocket,10.0,Ki,nM,0.9739588499069214,-1.2113730907440186
4MO8,2VQ,diffdock_pocket,10.0,Ki,nM,0.9723688165346781,-1.3048667907714844
4PYX,V90,default,1300.0,Kd,nM,0.9272616505622864,-1.5238303144772847
4PYX,V90,crystal_pocket,1300.0,Kd,nM,0.9394192496935526,-1.6031852165857952
4PYX,V90,diffdock_pocket,1300.0,Kd,nM,0.9490711887677511,-1.6304471492767334
4PYY,V14,default,4.800000190734863,Kd,nM,0.9680500626564026,-0.8754013975461324
4PYY,V14,crystal_pocket,4.800000190734863,Kd,nM,0.9749380151430765,-1.2026488383611043
4PYY,V14,diffdock_pocket,4.800000190734863,Kd,nM,0.9753109018007914,-1.1755380233128865
4PZH,V13,default,17.0,Kd,nM,0.9961639841397604,-2.067812919616699
4PZH,V13,crystal_pocket,17.0,Kd,nM,0.9970263441403707,-2.102440595626831
4PZH,V13,diffdock_pocket,17.0,Kd,nM,0.9970109264055887,-2.046295086542765
4Q7P,3MH,default,48000.0,Ki,nM,0.7983967661857605,0.9530739188194275
4Q7P,3MH,crystal_pocket,48000.0,Ki,nM,0.7756761511166891,1.394062081972758
4Q7P,3MH,diffdock_pocket,48000.0,Ki,nM,0.7305957674980164,1.6455495357513428
4Q7S,2YU,default,38000.0,Ki,nM,0.7644558946291605,0.7896666725476583
4Q7S,2YU,crystal_pocket,38000.0,Ki,nM,0.8249054551124573,0.47626349329948425
4Q7S,2YU,diffdock_pocket,38000.0,Ki,nM,0.8255900144577026,0.38705387711524963
4Q7V,5MH,default,260000.0,Ki,nM,0.7025825381278992,1.0966755946477253
4Q7V,5MH,crystal_pocket,260000.0,Ki,nM,0.7311880787213644,0.9981913566589355
4Q7V,5MH,diffdock_pocket,260000.0,Ki,nM,0.7324674725532532,0.9278542399406433
4Q7W,6MH,default,2300000.0,Ki,nM,0.7581051389376322,1.3875584602355957
4Q7W,6MH,crystal_pocket,2300000.0,Ki,nM,0.7457577586174011,1.4242804447809856
4Q7W,6MH,diffdock_pocket,2300000.0,Ki,nM,0.7552561561266581,1.3128045797348022
4Q81,7MH,default,950000.0,Ki,nM,0.6429630716641744,1.9336443344751995
4Q81,7MH,crystal_pocket,950000.0,Ki,nM,0.7645729581514994,1.295358677705129
4Q81,7MH,diffdock_pocket,950000.0,Ki,nM,0.7508500615755717,1.094395786523819
4Q83,3FH,default,64000.0,Ki,nM,0.8002594510714213,0.6871250222126642
4Q83,3FH,crystal_pocket,64000.0,Ki,nM,0.8093315958976746,0.656926266849041
4Q83,3FH,diffdock_pocket,64000.0,Ki,nM,0.8153228163719177,0.6139828066031138
4Q87,4FH,default,14000.0,Ki,nM,0.7118684649467468,0.57605941593647
4Q87,4FH,crystal_pocket,14000.0,Ki,nM,0.7571070790290833,0.20434477925300598
4Q87,4FH,diffdock_pocket,14000.0,Ki,nM,0.7197887897491455,0.3040274381637573
4Q8X,7FH,default,270000.0,Ki,nM,0.5788112282752991,1.2294623851776123
4Q8X,7FH,crystal_pocket,270000.0,Ki,nM,0.561355729897817,0.9817618131637573
4Q8X,7FH,diffdock_pocket,270000.0,Ki,nM,0.6052772005399069,0.9135515093803406
4Q8Y,HQT,default,2300000.0,Ki,nM,0.682607114315033,1.4232837756474812
4Q8Y,HQT,crystal_pocket,2300000.0,Ki,nM,0.8275319139162699,0.5626786748568217
4Q8Y,HQT,diffdock_pocket,2300000.0,Ki,nM,0.8135511676470438,0.6112115979194641
4QSA,EWW,default,21.0,Kd,nM,0.992965042591095,-2.051518519719442
4QSA,EWW,crystal_pocket,21.0,Kd,nM,0.9946984052658081,-2.118035395940145
4QSA,EWW,diffdock_pocket,21.0,Kd,nM,0.9944753845532736,-2.1115760803222656
4QSB,EWY,default,1250.0,Kd,nM,0.9732006788253784,-0.7333492636680603
4QSB,EWY,crystal_pocket,1250.0,Kd,nM,0.9749816457430521,-0.7841046849886576
4QSB,EWY,diffdock_pocket,1250.0,Kd,nM,0.974545975526174,-0.7527053554852804
4QSI,EWZ,default,50.0,Kd,nM,0.9767357707023621,-1.756648103396098
4QSI,EWZ,crystal_pocket,50.0,Kd,nM,0.986478348573049,-2.083152095476786
4QSI,EWZ,diffdock_pocket,50.0,Kd,nM,0.9856277902921041,-1.9770145813624065
4QTL,WWO,default,2.0,Kd,nM,0.9684586723645529,-1.1951899925867717
4QTL,WWO,crystal_pocket,2.0,Kd,nM,0.9756413102149963,-1.2656542857487996
4QTL,WWO,diffdock_pocket,2.0,Kd,nM,0.9776773254076639,-1.4496824343999226
4RFC,3O1,default,5.699999809265137,Ki,nM,0.9900407791137695,-1.3046770493189495
4RFC,3O1,crystal_pocket,5.699999809265137,Ki,nM,0.9908072749773661,-1.3526817560195923
4RFC,3O1,diffdock_pocket,5.699999809265137,Ki,nM,0.990857720375061,-1.4046404759089153
4RFD,BCT,default,85000000.0,Ki,nM,0.5266760389010111,0.41867004831631977
4RFD,BCT,crystal_pocket,85000000.0,Ki,nM,0.23763796283553043,1.245346050709486
4RFD,BCT,diffdock_pocket,85000000.0,Ki,nM,0.5316767791906992,0.6987134963274002
4RH2,FC9,default,36.0,Ki,nM,0.953238825003306,-1.2252733906110127
4RH2,FC9,crystal_pocket,36.0,Ki,nM,0.9602213104565939,-1.4827632506688435
4RH2,FC9,diffdock_pocket,36.0,Ki,nM,0.9636972943941752,-1.4495082298914592
4RUX,3W3,default,12.0,Ki,nM,0.9960921009381613,-1.364314595858256
4RUX,3W3,crystal_pocket,12.0,Ki,nM,0.9695312778155009,-0.9029825727144877
4RUX,3W3,diffdock_pocket,12.0,Ki,nM,0.9964302579561869,-1.392561395963033
4RUY,3W6,default,13.0,Ki,nM,0.9962622920672098,-1.4921989838282268
4RUY,3W6,crystal_pocket,13.0,Ki,nM,0.9914126992225647,-1.4229182799657185
4RUY,3W6,diffdock_pocket,13.0,Ki,nM,0.9959898193677267,-1.5287281274795532
4RUZ,3W8,default,23.0,Ki,nM,0.9957175056139628,-1.0177388389905293
4RUZ,3W8,crystal_pocket,23.0,Ki,nM,0.9940248926480612,-0.8831745187441508
4RUZ,3W8,diffdock_pocket,23.0,Ki,nM,0.996109664440155,-1.0780352552731831
4WL4,FC5,default,285000.0,Ki,nM,0.7881226738293966,1.036419153213501
4WL4,FC5,crystal_pocket,285000.0,Ki,nM,0.8565508127212524,0.8669251799583435
4WL4,FC5,diffdock_pocket,285000.0,Ki,nM,0.848470667997996,1.0785506169001262
4WW6,3TV,default,2.0,Kd,nM,0.9995918075243632,-3.118990977605184
4WW6,3TV,crystal_pocket,2.0,Kd,nM,0.9494936267534891,-1.4757987260818481
4WW6,3TV,diffdock_pocket,2.0,Kd,nM,0.9997878273328146,-3.299165964126587
4XE1,IL5,default,77.0,Ki,nM,0.9963092605272929,-1.5309043327967327
4XE1,IL5,crystal_pocket,77.0,Ki,nM,0.9966540932655334,-1.5479321082433064
4XE1,IL5,diffdock_pocket,77.0,Ki,nM,0.9965318242708842,-1.5399596691131592
4YX4,FB2,default,430.0,Ki,nM,0.9818642139434814,-0.07312032828728358
4YX4,FB2,crystal_pocket,430.0,Ki,nM,0.9774792194366455,0.03106141835451126
4YX4,FB2,diffdock_pocket,430.0,Ki,nM,0.9828961491584778,-0.09192837029695511
4YXI,4J8,default,580.0,IC50,nM,0.9923312664031982,-0.23438464353481928
4YXI,4J8,crystal_pocket,580.0,IC50,nM,0.971656084060669,-0.04161158204078674
4YXI,4J8,diffdock_pocket,580.0,IC50,nM,0.9919347961743673,-0.1732090109338363
4YXO,4JC,default,0.050000000745058,Ki,nM,0.9977586468060812,-0.8323538502057394
4YXO,4JC,crystal_pocket,0.050000000745058,Ki,nM,0.994893491268158,-0.5338915487130483
4YXO,4JC,diffdock_pocket,0.050000000745058,Ki,nM,0.9974703788757324,-0.7745015422503153
4YXU,4JE,default,0.0299999993294477,Ki,nM,0.9960525631904602,-0.9975786209106445
4YXU,4JE,crystal_pocket,0.0299999993294477,Ki,nM,0.9846450686454773,-0.5060855746269226
4YXU,4JE,diffdock_pocket,0.0299999993294477,Ki,nM,0.8984091877937317,0.17342177033424377
4YYT,S2O,default,110.0,Ki,nM,0.9887409210205078,-0.502273678779602
4YYT,S2O,crystal_pocket,110.0,Ki,nM,0.9263067444165548,0.9643667340278625
4YYT,S2O,diffdock_pocket,110.0,Ki,nM,0.9861047267913818,-0.41255425413449603
5A6H,OE2,default,88.0,Ki,nM,0.9804990092913309,-1.778953750928243
5A6H,OE2,crystal_pocket,88.0,Ki,nM,0.987102746963501,-1.7874271869659424
5A6H,OE2,diffdock_pocket,88.0,Ki,nM,0.9932907621065775,-2.081978996594747
5BYI,4WA,default,106.0,Ki,nM,0.9933773080507914,-0.8475397825241089
5BYI,4WA,crystal_pocket,106.0,Ki,nM,0.9952654639879862,-1.0197853048642476
5BYI,4WA,diffdock_pocket,106.0,Ki,nM,0.9953727523485819,-1.0133241415023804
5C8I,MZM,default,14.0,Ki,nM,0.9984491467475891,-1.8950060606002808
5C8I,MZM,crystal_pocket,14.0,Ki,nM,0.9986991286277771,-1.8785672187805176
5C8I,MZM,diffdock_pocket,14.0,Ki,nM,0.9985784888267517,-1.9101203680038452
5E2R,520,default,86.0,Ki,nM,0.993148148059845,-1.1726069053014119
5E2R,520,crystal_pocket,86.0,Ki,nM,0.9970702131589254,-1.502814491589864
5E2R,520,diffdock_pocket,86.0,Ki,nM,0.9971041480700175,-1.495517611503601
5EHE,WWO,default,61.0,Kd,nM,0.9696775476137797,-1.2068467537562053
5EHE,WWO,crystal_pocket,61.0,Kd,nM,0.9743657112121582,-1.3447327216466267
5EHE,WWO,diffdock_pocket,61.0,Kd,nM,0.9743716716766357,-1.3346561988194783
5FDC,5WN,default,110000.0,IC50,nM,0.9794625043869019,-0.8700413107872009
5FDC,5WN,crystal_pocket,110000.0,IC50,nM,0.9830270806948344,-0.7620486617088318
5FDC,5WN,diffdock_pocket,110000.0,IC50,nM,0.983078122138977,-0.8364405830701193
5FNJ,CL,default,200000000.0,Ki,nM,0.3462224354346593,0.6070772409439087
5J8Z,6KE,default,5.0,Ki,nM,0.9263379375139872,-1.0071891744931538
5J8Z,6KE,diffdock_pocket,5.0,Ki,nM,0.9428950548171997,-1.1681963404019673
5JQT,6M9,default,8180.0,Ki,nM,0.5394980311393738,0.666275550921758
5JQT,6M9,crystal_pocket,8180.0,Ki,nM,0.14852261822670698,0.1366216540336609
5JQT,6M9,diffdock_pocket,8180.0,Ki,nM,0.7532072067260742,-0.027919400483369827
5LL4,6YH,default,4.0,Kd,nM,0.9979081352551779,-2.2678279876708984
5LL4,6YH,diffdock_pocket,4.0,Kd,nM,0.9982988834381104,-2.292277733484904
5LL8,6YP,default,0.0049999998882412,Ki,nM,0.9974740942319235,-1.1705918312072754
5LL8,6YP,crystal_pocket,0.0049999998882412,Ki,nM,0.9976043701171875,-1.1901118755340576
5LL8,6YP,diffdock_pocket,0.0049999998882412,Ki,nM,0.9970804452896118,-1.1684163014094036
5LLC,V26,default,2.400000095367432,Kd,nM,0.9953947067260742,-2.265302578608195
5LLC,V26,crystal_pocket,2.400000095367432,Kd,nM,0.995854119459788,-2.371885299682617
5LLC,V26,diffdock_pocket,2.400000095367432,Kd,nM,0.9977861841519674,-2.4961729844411216
5LLE,V51,default,5.0,Kd,nM,0.9985921382904053,-2.6414384841918945
5LLE,V51,crystal_pocket,5.0,Kd,nM,0.9992804527282715,-2.758263349533081
5LLE,V51,diffdock_pocket,5.0,Kd,nM,0.999465803305308,-2.910543441772461
5LLG,VD9,default,13.0,Kd,nM,0.9970958431561788,-2.05684757232666
5LLG,VD9,crystal_pocket,13.0,Kd,nM,0.9921825528144836,-1.45880122979482
5LLG,VD9,diffdock_pocket,13.0,Kd,nM,0.9972508549690247,-1.96050226688385
5LLH,V49,default,1.100000023841858,Kd,nM,0.9960229396820068,-2.810715119043986
5LLH,V49,crystal_pocket,1.100000023841858,Kd,nM,0.9967558185259501,-2.7223148345947266
5LLH,V49,diffdock_pocket,1.100000023841858,Kd,nM,0.9954558809598287,-2.646238088607788
5M78,SAL,default,7100.0,Ki,nM,0.5932712654272715,1.5056555271148682
5M78,SAL,crystal_pocket,7100.0,Ki,nM,0.6119544009367625,1.6872348388036091
5M78,SAL,diffdock_pocket,7100.0,Ki,nM,0.6185413400332133,1.6173077821731567
5N0D,8F2,default,3.5,Ki,nM,0.9945053060849508,-2.398455858230591
5N0D,8F2,crystal_pocket,3.5,Ki,nM,0.9969686071077982,-2.5905165672302246
5N0D,8F2,diffdock_pocket,3.5,Ki,nM,0.9965790510177612,-2.550753355026245
5N0E,8F3,default,3.5999999046325684,Ki,nM,0.9944740335146586,-2.412827491760254
5N0E,8F3,crystal_pocket,3.5999999046325684,Ki,nM,0.9958750009536743,-2.5928151607513428
5N0E,8F3,diffdock_pocket,3.5999999046325684,Ki,nM,0.9959147969881693,-2.5514134565989175
5N1R,8GH,default,11.0,Ki,nM,0.9968350927035013,-1.1789976060390472
5N1R,8GH,crystal_pocket,11.0,Ki,nM,0.9977123737335205,-1.288080890973409
5N1R,8GH,diffdock_pocket,11.0,Ki,nM,0.9981288313865662,-1.3165834148724873
5N1S,8GE,default,10.0,Ki,nM,0.9945419033368429,-1.136183261871338
5N1S,8GE,crystal_pocket,10.0,Ki,nM,0.9966916441917419,-1.3844010829925537
5N1S,8GE,diffdock_pocket,10.0,Ki,nM,0.9967339634895325,-1.4347365299860637
5N24,8HE,default,1.2000000476837158,Ki,nM,0.9903340538342794,-1.1510453621546428
5N24,8HE,crystal_pocket,1.2000000476837158,Ki,nM,0.9593908190727234,-0.09797215461730957
5N24,8HE,diffdock_pocket,1.2000000476837158,Ki,nM,0.9929711620012919,-1.197157621383667
5N25,8HK,default,17.0,Ki,nM,0.9943188627560934,-1.294193704922994
5N25,8HK,crystal_pocket,17.0,Ki,nM,0.9944998621940613,-1.0979710618654888
5N25,8HK,diffdock_pocket,17.0,Ki,nM,0.9951296051343282,-1.3536160389582317
5NEA,8V8,default,0.050000000745058,Ki,nM,0.9963979919751486,-1.2380961378415425
5NEA,8V8,crystal_pocket,0.050000000745058,Ki,nM,0.9745083053906759,-0.31697461009025574
5NEA,8V8,diffdock_pocket,0.050000000745058,Ki,nM,0.9971151550610861,-1.3049112558364868
5NEE,8V5,default,0.0199999995529651,Ki,nM,0.9944541652997335,-1.6214382648468018
5NEE,8V5,crystal_pocket,0.0199999995529651,Ki,nM,0.9943919777870178,-1.600898543993632
5NEE,8V5,diffdock_pocket,0.0199999995529651,Ki,nM,0.9938867290814718,-1.712200363477071
5O07,1VQ,default,34.0,Ki,nM,0.9855620265007019,-1.346914529800415
5O07,1VQ,crystal_pocket,34.0,Ki,nM,0.9898030956586202,-1.4567222595214844
5O07,1VQ,diffdock_pocket,34.0,Ki,nM,0.9892679452896118,-1.4431369304656982
5SZ4,72D,default,0.2000000029802322,Ki,nM,0.9952527483304342,-1.5160069863001506
5SZ4,72D,crystal_pocket,0.2000000029802322,Ki,nM,0.9959259231885275,-1.5659284194310505
5SZ4,72D,diffdock_pocket,0.2000000029802322,Ki,nM,0.9951253135999044,-1.5639036099116008
5SZ5,72E,default,20.0,Ki,nM,0.9942522048950195,-1.6601821184158325
5SZ5,72E,crystal_pocket,20.0,Ki,nM,0.9965677261352539,-1.7014339367548625
5SZ5,72E,diffdock_pocket,20.0,Ki,nM,0.995713452498118,-1.7670366366704304
5SZ6,72G,default,99.0,Ki,nM,0.9913540085156759,-1.5131066242853801
5SZ6,72G,crystal_pocket,99.0,Ki,nM,0.9932048320770264,-1.5305206378300984
5SZ6,72G,diffdock_pocket,99.0,Ki,nM,0.9919796586036682,-1.5662240584691365
5SZ7,72H,default,0.2000000029802322,Ki,nM,0.9964084029197693,-2.0959765513738
5SZ7,72H,crystal_pocket,0.2000000029802322,Ki,nM,0.9974654912948608,-2.0175211826960244
5SZ7,72H,diffdock_pocket,0.2000000029802322,Ki,nM,0.99752805630366,-2.029414931933085
5TXY,7Q1,default,2600.0,Kd,nM,0.6575157642364502,0.1419486403465271
5TXY,7Q1,crystal_pocket,2600.0,Kd,nM,0.7449815471967062,-0.083131343126297
5TXY,7Q1,diffdock_pocket,2600.0,Kd,nM,0.7490478952725729,-0.15033048391342163
5TY1,7QV,default,3500.0,Kd,nM,0.48253535230954486,0.7737934477627277
5TY1,7QV,crystal_pocket,3500.0,Kd,nM,0.48900106549263,0.8662068098783493
5TY1,7QV,diffdock_pocket,3500.0,Kd,nM,0.4850904842217763,0.8256017963091532
5TY8,7Q1,default,3500.0,Kd,nM,0.6364421645800272,0.19350695610046387
5TY8,7Q1,crystal_pocket,3500.0,Kd,nM,0.6429012417793274,0.29321512083212536
5TY8,7Q1,diffdock_pocket,3500.0,Kd,nM,0.6520062883694967,0.26658647259076435
5TY9,7QV,default,3500.0,Kd,nM,0.508400579293569,0.5475527743498484
5TY9,7QV,crystal_pocket,3500.0,Kd,nM,0.5722870230674744,0.4930666387081146
5TY9,7QV,diffdock_pocket,3500.0,Kd,nM,0.53074183066686,0.6932557225227356
5TYA,7QS,default,17400.0,Kd,nM,0.7156988581021627,-0.18801243603229523
5TYA,7QS,crystal_pocket,17400.0,Kd,nM,0.7363361318906149,-0.21625472605228424
5TYA,7QS,diffdock_pocket,17400.0,Kd,nM,0.7671146988868713,-0.21122444172700247
5U0D,7R7,default,28600.0,Kd,nM,0.7041463653246561,0.386126051346461
5U0D,7R7,crystal_pocket,28600.0,Kd,nM,0.7249149084091187,0.31080448627471924
5U0D,7R7,diffdock_pocket,28600.0,Kd,nM,0.7658728361129761,0.18206900358200073
5U0E,7R4,default,7700.0,Kd,nM,0.8371046185493469,-0.08798542618751526
5U0E,7R4,crystal_pocket,7700.0,Kd,nM,0.849539577960968,-0.3678603159884612
5U0E,7R4,diffdock_pocket,7700.0,Kd,nM,0.8495028614997864,-0.23512670397758484
5U0F,7R1,default,2300.0,Kd,nM,0.7522001266479492,-0.2692841986815135
5U0F,7R1,crystal_pocket,2300.0,Kd,nM,0.8285956184069315,-0.5426230629285177
5U0F,7R1,diffdock_pocket,2300.0,Kd,nM,0.7891014615694681,-0.3892233880857627
5U0G,7QY,default,26200.0,Kd,nM,0.6874450941880544,-0.015742167830467224
5U0G,7QY,crystal_pocket,26200.0,Kd,nM,0.7755212187767029,-0.10408106446266174
5U0G,7QY,diffdock_pocket,26200.0,Kd,nM,0.7774950265884399,-0.1555118908484777
5ULN,8JS,default,14.0,Ki,nM,0.9939124782880148,-1.3948076168696086
5ULN,8JS,crystal_pocket,14.0,Ki,nM,0.9956985116004944,-1.5290600856145222
5ULN,8JS,diffdock_pocket,14.0,Ki,nM,0.9953999320665995,-1.5686659812927246
5VGY,9AA,default,43600.0,Kd,nM,0.6144642730553945,0.5028450340032578
5VGY,9AA,crystal_pocket,43600.0,Kd,nM,0.6487401028474172,0.9792507290840149
5VGY,9AA,diffdock_pocket,43600.0,Kd,nM,0.596724679072698,0.6481542587280273
5WEX,8JS,default,14.0,Ki,nM,0.9952350854873657,-1.3946232398351033
5WEX,8JS,crystal_pocket,14.0,Ki,nM,0.9953579306602478,-1.5577912330627441
5WEX,8JS,diffdock_pocket,14.0,Ki,nM,0.9949344396591187,-1.5108499924341838
6BBS,BZ1,default,0.0890000015497207,Kd,nM,0.9984204769134521,-2.4329586029052734
6BBS,BZ1,crystal_pocket,0.0890000015497207,Kd,nM,0.9983856876691183,-2.4113123416900635
6BBS,BZ1,diffdock_pocket,0.0890000015497207,Kd,nM,0.9988008936246237,-2.492499748865763
6BC9,ETS,default,2.0,Ki,nM,0.9976935187975565,-2.0473833084106445
6BC9,ETS,crystal_pocket,2.0,Ki,nM,0.998129665851593,-2.0553837219874063
6BC9,ETS,diffdock_pocket,2.0,Ki,nM,0.9975272417068481,-2.0320146481196084
6BCC,EZL,default,0.4900000095367431,Ki,nM,0.9984528024991354,-2.259608825047811
6BCC,EZL,crystal_pocket,0.4900000095367431,Ki,nM,0.9989476203918457,-2.3465046882629395
6BCC,EZL,diffdock_pocket,0.4900000095367431,Ki,nM,0.9986580411593119,-2.3189642429351807
6C7W,LMS,default,3410.0,Ki,nM,0.9178142348925272,-0.9594489137331644
6C7W,LMS,crystal_pocket,3410.0,Ki,nM,0.9486050605773926,-1.1570379734039307
6C7W,LMS,diffdock_pocket,3410.0,Ki,nM,0.9391611218452454,-1.060873011747996
6C7X,EO7,default,65.0,Ki,nM,0.9193341930707296,-0.9766764044761658
6C7X,EO7,crystal_pocket,65.0,Ki,nM,0.959300696849823,-1.4303789536158245
6C7X,EO7,diffdock_pocket,65.0,Ki,nM,0.9413585662841797,-1.24800040324529
6D1L,FQV,default,7.599999904632568,Ki,nM,0.9966346621513367,-1.8279154300689697
6D1L,FQV,crystal_pocket,7.599999904632568,Ki,nM,0.9786474704742432,-1.169743537902832
6D1L,FQV,diffdock_pocket,7.599999904632568,Ki,nM,0.9981673359870911,-2.03318460782369
6D1M,FQY,default,6.300000190734863,Ki,nM,0.9988707304000854,-2.203463554382324
6D1M,FQY,crystal_pocket,6.300000190734863,Ki,nM,0.9975473284721375,-1.6044345299402873
6D1M,FQY,diffdock_pocket,6.300000190734863,Ki,nM,0.9990256428718567,-2.2260406017303467
6EQU,BVE,default,419.0,Ki,nM,0.9037890434265137,0.19396461670597395
6EQU,BVE,crystal_pocket,419.0,Ki,nM,0.9314191937446594,0.016092710196971893
6EQU,BVE,diffdock_pocket,419.0,Ki,nM,0.9466322859128317,-0.4540511618057887
6G6T,ENN,default,0.1400000005960464,Kd,nM,0.9988094369570414,-2.364283005396525
6G6T,ENN,crystal_pocket,0.1400000005960464,Kd,nM,0.998920738697052,-2.1730215152104697
6G6T,ENN,diffdock_pocket,0.1400000005960464,Kd,nM,0.9985750714937845,-2.172207792599996
6GDC,FB2,default,430.0,Ki,nM,0.9817789196968079,-0.0601845309138298
6GDC,FB2,crystal_pocket,430.0,Ki,nM,0.8957023819287618,0.6771227717399597
6GDC,FB2,diffdock_pocket,430.0,Ki,nM,0.9832941889762878,-0.08943326771259308
6GM9,4J8,default,8138.0,Ki,nM,0.9915307958920797,-0.21563765654961267
6GM9,4J8,crystal_pocket,8138.0,Ki,nM,0.9671314358711243,0.2799293100833893
6GM9,4J8,diffdock_pocket,8138.0,Ki,nM,0.991449256738027,-0.20417380581299463
6GOT,F6W,default,25.0,Kd,nM,0.997552772363027,-1.6649465560913086
6GOT,F6W,crystal_pocket,25.0,Kd,nM,0.9983524084091187,-1.7978397607803345
6GOT,F6W,diffdock_pocket,25.0,Kd,nM,0.9978737831115723,-1.8063044548034668
6H2Z,FKE,default,0.5,Ki,nM,0.9985801180203756,-2.6638996601104736
6H2Z,FKE,crystal_pocket,0.5,Ki,nM,0.9992199142773946,-2.6591975688934326
6H2Z,FKE,diffdock_pocket,0.5,Ki,nM,0.999306321144104,-2.7872580687204995
6H33,FKQ,default,0.6000000238418579,Ki,nM,0.9988006353378296,-2.590979814529419
6H33,FKQ,crystal_pocket,0.6000000238418579,Ki,nM,0.9992953340212504,-2.6196436882019043
6H33,FKQ,diffdock_pocket,0.6000000238418579,Ki,nM,0.9992960492769877,-2.558347225189209
6H34,FKK,default,0.5,Ki,nM,0.995758056640625,-2.303849140803019
6H34,FKK,crystal_pocket,0.5,Ki,nM,0.9955971837043762,-2.408191680908203
6H34,FKK,diffdock_pocket,0.5,Ki,nM,0.9956896503766378,-2.406493663787842
6H3Q,FMH,default,73.0,Ki,nM,0.9976911346117655,-1.8424817323684692
6H3Q,FMH,crystal_pocket,73.0,Ki,nM,0.9976043899854025,-1.8058221340179443
6H3Q,FMH,diffdock_pocket,73.0,Ki,nM,0.9976366559664408,-1.771073540051778
6HQX,4JC,default,125400.0,Kd,nM,0.9972162445386251,-0.8564416170120239
6HQX,4JC,crystal_pocket,125400.0,Kd,nM,0.9927371939023336,-0.43089982743064564
6HQX,4JC,diffdock_pocket,125400.0,Kd,nM,0.9967541893323263,-0.8210608959197998
6HR3,4JE,default,60600.0,Kd,nM,0.9961502552032471,-0.9778521259625753
6HR3,4JE,crystal_pocket,60600.0,Kd,nM,0.9962842663129171,-0.9592565099398295
6HR3,4JE,diffdock_pocket,60600.0,Kd,nM,0.9957777857780457,-0.9747838775316874
6HX5,GXE,default,490.0,Ki,nM,0.7836956779162089,-0.16920998692512512
6HX5,GXE,crystal_pocket,490.0,Ki,nM,0.8319039543469747,-0.09222041070461273
6HX5,GXE,diffdock_pocket,490.0,Ki,nM,0.8316799998283386,-0.16398885846138
6HXD,6YP,default,0.0049999998882412,Ki,nM,0.997314453125,-1.1649630069732666
6HXD,6YP,crystal_pocket,0.0049999998882412,Ki,nM,0.9975205063819885,-1.2209817171096802
6HXD,6YP,diffdock_pocket,0.0049999998882412,Ki,nM,0.9975993037223816,-1.2135574618975322
6I1U,3W8,default,23.0,Ki,nM,0.9957440892855326,-0.9832990368207296
6I1U,3W8,crystal_pocket,23.0,Ki,nM,0.9936000307401022,-0.8726214369138082
6I1U,3W8,diffdock_pocket,23.0,Ki,nM,0.996040403842926,-1.0500839749972026
6I2F,3W6,default,13.0,Ki,nM,0.9957248965899149,-1.5573222637176514
6I2F,3W6,crystal_pocket,13.0,Ki,nM,0.9955748120943705,-1.6106950839360554
6I2F,3W6,diffdock_pocket,13.0,Ki,nM,0.9956122835477194,-1.6166344086329143
6I3E,H1Z,default,7.300000190734863,Ki,nM,0.9952431718508402,-1.1622019211451213
6I3E,H1Z,crystal_pocket,7.300000190734863,Ki,nM,0.9871786832809448,-0.7325973510742188
6I3E,H1Z,diffdock_pocket,7.300000190734863,Ki,nM,0.994847039381663,-1.2012482086817424
6LV1,BCT,default,85000000.0,Ki,nM,0.545420785744985,0.2870403826236725
6LV1,BCT,crystal_pocket,85000000.0,Ki,nM,0.5574778119723002,0.6877096692721049
6LV1,BCT,diffdock_pocket,85000000.0,Ki,nM,0.5467967490355173,0.6060658593972524
6LV2,BCT,default,85000000.0,Ki,nM,0.5255696177482605,0.4720268150170644
6LV2,BCT,crystal_pocket,85000000.0,Ki,nM,0.5730161070823669,0.5557643870512644
6LV2,BCT,diffdock_pocket,85000000.0,Ki,nM,0.5872725049654642,0.5826798578103384
6LV4,BCT,default,85000000.0,Ki,nM,0.5164588689804077,0.4366092036167781
6LV4,BCT,crystal_pocket,85000000.0,Ki,nM,0.5612583259741465,0.6613682558139166
6LV4,BCT,diffdock_pocket,85000000.0,Ki,nM,0.5982146263122559,0.5480283399422964
6LV6,BCT,default,85000000.0,Ki,nM,0.5582827428976694,0.24455656111240387
6LV6,BCT,crystal_pocket,85000000.0,Ki,nM,0.5287059048811594,0.576028565565745
6LV6,BCT,diffdock_pocket,85000000.0,Ki,nM,0.5747954150040945,0.48043879866600037
6LV8,BCT,default,73000000.0,Ki,nM,0.5573209722836813,0.2657337188720703
6LV8,BCT,crystal_pocket,73000000.0,Ki,nM,0.5312731862068176,0.6343500117460886
6LV8,BCT,diffdock_pocket,73000000.0,Ki,nM,0.6834358175595602,0.3046322762966156
6ODZ,M8J,default,0.699999988079071,Ki,nM,0.996518075466156,-1.6432407299677532
6ODZ,M8J,crystal_pocket,0.699999988079071,Ki,nM,0.9771261413892111,-0.5413879106442133
6ODZ,M8J,diffdock_pocket,0.699999988079071,Ki,nM,0.9961367249488831,-1.248673439025879
6OE0,M8S,default,1.2000000476837158,Ki,nM,0.9932159384091696,-1.7801988124847412
6OE0,M8S,crystal_pocket,1.2000000476837158,Ki,nM,0.9954711000124613,-2.2438692251841226
6OE0,M8S,diffdock_pocket,1.2000000476837158,Ki,nM,0.9933147430419922,-1.8257642984390259
6OE1,SO4,default,183000000.0,Ki,nM,0.6488389372825623,0.5025590558846792
6OE1,SO4,crystal_pocket,183000000.0,Ki,nM,0.25117740760712576,0.9585200746854147
6OE1,SO4,diffdock_pocket,183000000.0,Ki,nM,0.799419621626536,0.39035778244336444
6PDV,NO2,default,63000000.0,Ki,nM,0.6412981748580933,0.6094827850659689
6PDV,NO2,crystal_pocket,63000000.0,Ki,nM,0.6701072454452515,0.7988498012224833
6PDV,NO2,diffdock_pocket,63000000.0,Ki,nM,0.6800953348477682,0.728762149810791
6PGX,OJ4,default,0.6200000047683716,Ki,nM,0.8927057385444641,-0.9544045925140381
6PGX,OJ4,crystal_pocket,0.6200000047683716,Ki,nM,0.9389285445213318,-1.4266726573308308
6PGX,OJ4,diffdock_pocket,0.6200000047683716,Ki,nM,0.9096383849779764,-1.0566494464874268
6R6F,EA3,default,10.0,Kd,nM,0.9949580232302347,-2.412055015563965
6R6F,EA3,crystal_pocket,10.0,Kd,nM,0.9955522020657858,-2.503967046737671
6R6F,EA3,diffdock_pocket,10.0,Kd,nM,0.9959346254666647,-2.4485056400299072
6R6J,JTW,default,5.0,Kd,nM,0.9961918791135153,-2.468801498413086
6R6J,JTW,crystal_pocket,5.0,Kd,nM,0.9965696533521017,-2.530167500178019
6R6J,JTW,diffdock_pocket,5.0,Kd,nM,0.9964157938957214,-2.4979512691497803
6RFH,4SO,default,46.0,Ki,nM,0.9959010481834412,-0.8396905064582825
6RFH,4SO,crystal_pocket,46.0,Ki,nM,0.9954698085784912,-0.7561211784680685
6RFH,4SO,diffdock_pocket,46.0,Ki,nM,0.9966784516970316,-0.8663361271222433
6RG3,K1W,default,8.100000381469727,Ki,nM,0.9923261404037476,-2.1095898548762
6RG3,K1W,crystal_pocket,8.100000381469727,Ki,nM,0.9931806325912476,-2.1262850761413574
6RG3,K1W,diffdock_pocket,8.100000381469727,Ki,nM,0.9925917585690817,-2.038245677947998
6RG4,K45,default,328.0,Ki,nM,0.9867679079373678,-1.5870342652002971
6RG4,K45,crystal_pocket,328.0,Ki,nM,0.9886253476142883,-1.6046799421310425
6RG4,K45,diffdock_pocket,328.0,Ki,nM,0.9910952051480612,-1.6765549580256145
6RG5,S2O,default,392000.0,Kd,nM,0.9887285033861796,-0.5170320073763529
6RG5,S2O,crystal_pocket,392000.0,Kd,nM,0.881011426448822,0.7246450384457906
6RG5,S2O,diffdock_pocket,392000.0,Kd,nM,0.9879256288210551,-0.4846017360687256
6RH4,4NZ,default,400.0,IC50,nM,0.9882441560427347,-0.9549763003985087
6RH4,4NZ,crystal_pocket,400.0,IC50,nM,0.9566091100374857,-0.4038362999757131
6RH4,4NZ,diffdock_pocket,400.0,IC50,nM,0.9867511789004008,-0.9339606960614523
6RIG,K4N,default,89.0,Ki,nM,0.9911839763323466,-0.9631883104642233
6RIG,K4N,crystal_pocket,89.0,Ki,nM,0.9743317564328512,-0.20482462644577026
6RIG,K4N,diffdock_pocket,89.0,Ki,nM,0.9918687343597412,-0.9639166394869486
6RKN,FBS,default,435.0,Kd,nM,0.9836333791414896,-0.7605196038881937
6RKN,FBS,crystal_pocket,435.0,Kd,nM,0.9458504319190979,0.09514708817005157
6RKN,FBS,diffdock_pocket,435.0,Kd,nM,0.9816857576370239,-0.7654273311297098
6RL9,SAN,default,628.0,Ki,nM,0.9787895878156027,-0.42458783586819965
6RL9,SAN,crystal_pocket,628.0,Ki,nM,0.9594330986340841,0.10129356384277344
6RL9,SAN,diffdock_pocket,628.0,Ki,nM,0.9766004681587219,-0.36407387256622314
6RRI,KFH,default,29.0,Kd,nM,0.9944861531257629,-1.890124758084615
6RRI,KFH,crystal_pocket,29.0,Kd,nM,0.8963539799054464,-0.8332679470380148
6RRI,KFH,diffdock_pocket,29.0,Kd,nM,0.9956282377243042,-1.9906004667282104
6SBH,L4K,default,0.0007999999797903,Ki,nM,0.9991250236829122,-1.565868576367696
6SBH,L4K,crystal_pocket,0.0007999999797903,Ki,nM,0.9990164240201315,-1.5545552174250286
6SBH,L4K,diffdock_pocket,0.0007999999797903,Ki,nM,0.9987473686536154,-1.500566045443217
6SBL,FLC,default,2160000.0,Ki,nM,0.4607389569282532,1.61495308081309
6SBL,FLC,crystal_pocket,2160000.0,Ki,nM,0.48896468182404834,-0.5495904088020325
6SBL,FLC,diffdock_pocket,2160000.0,Ki,nM,0.48183895150820416,2.2321225007375083
6SBM,FLC,default,2160000.0,Ki,nM,0.5005408028761545,1.4391896724700928
6SBM,FLC,crystal_pocket,2160000.0,Ki,nM,0.42510273555914563,-0.442374050617218
6SBM,FLC,diffdock_pocket,2160000.0,Ki,nM,0.4789278209209442,2.271117925643921
6SD7,L7T,default,27.0,Kd,nM,0.9925083120663961,-1.8849788904190063
6SD7,L7T,crystal_pocket,27.0,Kd,nM,0.9952509601910909,-1.8885958592096965
6SD7,L7T,diffdock_pocket,27.0,Kd,nM,0.99376380443573,-1.9299668073654175
6SDS,L8N,default,38.0,Ki,nM,0.994825025399526,-1.4091196060180664
6SDS,L8N,crystal_pocket,38.0,Ki,nM,0.9961107770601908,-1.4404472907384236
6SDS,L8N,diffdock_pocket,38.0,Ki,nM,0.9963853557904562,-1.5007319450378418
6SFQ,7Q1,default,3500.0,Kd,nM,0.6900138656298319,-0.027250677347183228
6SFQ,7Q1,crystal_pocket,3500.0,Kd,nM,0.6860401829083761,0.036265626549720764
6SFQ,7Q1,diffdock_pocket,3500.0,Kd,nM,0.6629512906074524,0.25783154120047885
6SG0,FUN,default,65.0,Ki,nM,0.9922044277191162,-1.4625766674677532
6SG0,FUN,crystal_pocket,65.0,Ki,nM,0.9927660822868347,-1.526381532351176
6SG0,FUN,diffdock_pocket,65.0,Ki,nM,0.9931380947430929,-1.569853663444519
6T4P,MHK,default,133.0,Ki,nM,0.9681561986605326,0.0323009192943573
6T4P,MHK,crystal_pocket,133.0,Ki,nM,0.9867934584617615,-0.24086583157380423
6T4P,MHK,diffdock_pocket,133.0,Ki,nM,0.9888416727383932,-0.3674113154411316
6T81,AZI,default,1500000.0,Ki,nM,0.31901896993319195,1.2677745819091797
6T81,AZI,crystal_pocket,1500000.0,Ki,nM,0.0631505460275245,1.2455692291259766
6T81,AZI,diffdock_pocket,1500000.0,Ki,nM,0.3678838908672333,1.096514344215393
6UFB,CL,default,200000000.0,Ki,nM,0.35284941643476486,0.6580767432848612
6UFD,CL,default,200000000.0,Ki,nM,0.3411603296796481,0.6781704624493917
6UX1,SAL,default,7100.0,Ki,nM,0.6070119142532349,1.556736707687378
6UX1,SAL,crystal_pocket,7100.0,Ki,nM,0.3232480635245641,2.2525970935821533
6UX1,SAL,diffdock_pocket,7100.0,Ki,nM,0.6282007694244385,1.5373684962590535
6WKA,U4V,default,33.0,Ki,nM,0.9674421747525533,-1.1900434692700703
6WKA,U4V,crystal_pocket,33.0,Ki,nM,0.9712487459182739,-1.389371116956075
6WKA,U4V,diffdock_pocket,33.0,Ki,nM,0.9641735355059305,-1.1716785430908203
6WQ4,U7A,default,369.0,Ki,nM,0.9269187649091085,-0.5452834169069926
6WQ4,U7A,crystal_pocket,369.0,Ki,nM,0.9368498126665751,-0.5912741621335348
6WQ4,U7A,diffdock_pocket,369.0,Ki,nM,0.9173197547594706,-0.698023796081543
6WQ5,U7G,default,57.0,Ki,nM,0.9878728191057841,-1.8644249439239502
6WQ5,U7G,crystal_pocket,57.0,Ki,nM,0.9886038502057394,-1.9166703621546428
6WQ5,U7G,diffdock_pocket,57.0,Ki,nM,0.9891607761383057,-1.8489115238189697
6WQ7,U6V,default,30.0,Ki,nM,0.9475513497988383,-1.3223515550295513
6WQ7,U6V,crystal_pocket,30.0,Ki,nM,0.9523423314094543,-1.3774077892303467
6WQ7,U6V,diffdock_pocket,30.0,Ki,nM,0.9505094091097513,-1.3244354724884033
6WQ8,U77,default,2.400000095367432,Ki,nM,0.9747744599978129,-1.5854205687840779
6WQ8,U77,crystal_pocket,2.400000095367432,Ki,nM,0.9581393003463745,-1.1405581434567769
6WQ8,U77,diffdock_pocket,2.400000095367432,Ki,nM,0.9793171683947245,-1.563698172569275
6WQ9,U7J,default,73.0,Ki,nM,0.9077850580215454,-1.150710125764211
6WQ9,U7J,crystal_pocket,73.0,Ki,nM,0.9362825155258179,-1.503840963045756
6WQ9,U7J,diffdock_pocket,73.0,Ki,nM,0.9538669387499491,-1.531869928042094
6XXT,O42,default,3.700000047683716,Ki,nM,0.9964284698168436,-1.8570952415466309
6YPW,P75,default,9.300000190734863,Ki,nM,0.9743295709292094,-1.6350977818171184
6YPW,P75,crystal_pocket,9.300000190734863,Ki,nM,0.9830446839332581,-1.692768136660258
6YPW,P75,diffdock_pocket,9.300000190734863,Ki,nM,0.9767278432846069,-1.590447187423706
6YRI,DHC,default,1610.0,Ki,nM,0.6471525530020396,1.0960102279980977
6YRI,DHC,crystal_pocket,1610.0,Ki,nM,0.784227987130483,1.0165945291519165
6YRI,DHC,diffdock_pocket,1610.0,Ki,nM,0.7785732746124268,1.0124355554580688
6ZR8,QOZ,default,43.0,Ki,nM,0.9890526731808981,-1.124495764573415
6ZR8,QOZ,crystal_pocket,43.0,Ki,nM,0.9919232130050659,-1.3335388898849487
6ZR8,QOZ,diffdock_pocket,43.0,Ki,nM,0.9925258755683899,-1.3211210171381633
7ASJ,RWH,default,1.600000023841858,Ki,nM,0.9953397512435913,-1.8159213066101074
7ASJ,RWH,crystal_pocket,1.600000023841858,Ki,nM,0.9952035943667094,-1.8834989468256633
7ASJ,RWH,diffdock_pocket,1.600000023841858,Ki,nM,0.9969380100568136,-2.0637636184692383
7JNR,VFG,default,2.700000047683716,Ki,nM,0.9988699555397034,-1.9935999313990276
7JNR,VFG,crystal_pocket,2.700000047683716,Ki,nM,0.9992040197054545,-2.044741153717041
7JNR,VFG,diffdock_pocket,2.700000047683716,Ki,nM,0.9990079402923584,-2.0119791825612388
7JNV,VFJ,default,0.5199999809265137,Ki,nM,0.9988472660382589,-2.0271823406219482
7JNV,VFJ,crystal_pocket,0.5199999809265137,Ki,nM,0.9383031725883484,-0.18588945269584656
7JNV,VFJ,diffdock_pocket,0.5199999809265137,Ki,nM,0.9991570115089417,-2.213768561681112
7JNW,VFM,default,0.5899999737739563,Ki,nM,0.9980341196060181,-1.8702301581700642
7JNW,VFM,crystal_pocket,0.5899999737739563,Ki,nM,0.9985489845275879,-1.9032684564590454
7JNW,VFM,diffdock_pocket,0.5899999737739563,Ki,nM,0.9982576370239258,-1.8032488822937012
7JNX,VGS,default,0.6600000262260437,Ki,nM,0.9956563909848531,-1.6609281301498413
7JNX,VGS,crystal_pocket,0.6600000262260437,Ki,nM,0.9963963031768799,-1.691530426343282
7JNX,VGS,diffdock_pocket,0.6600000262260437,Ki,nM,0.9959777593612671,-1.6218560934066772
7JNZ,VGV,default,0.5299999713897705,Ki,nM,0.9984382390975952,-2.1317639350891113
7JNZ,VGV,crystal_pocket,0.5299999713897705,Ki,nM,0.9989558657010397,-2.244910717010498
7JNZ,VGV,diffdock_pocket,0.5299999713897705,Ki,nM,0.9985554814338684,-2.1792609691619873
7K6I,VYV,default,445.0,Ki,nM,0.9942559202512106,-1.4472781419754028
7K6I,VYV,crystal_pocket,445.0,Ki,nM,0.99556565284729,-1.7279691298802693
7K6I,VYV,diffdock_pocket,445.0,Ki,nM,0.9928908149401346,-1.3627850612004597
7K6J,VYY,default,51.0,Ki,nM,0.9911866386731466,-1.5022143920262654
7K6J,VYY,crystal_pocket,51.0,Ki,nM,0.9904774228731791,-1.3779656489690144
7K6J,VYY,diffdock_pocket,51.0,Ki,nM,0.9905304908752441,-1.3623088399569194
7K6K,VZ1,default,475.0,Ki,nM,0.985166092713674,-1.2960714101791382
7K6K,VZ1,crystal_pocket,475.0,Ki,nM,0.9846786459287008,-1.3463340202967327
7K6K,VZ1,diffdock_pocket,475.0,Ki,nM,0.9906193216641744,-1.695011576016744
7K6L,VZD,default,458.0,Ki,nM,0.9880456328392029,-1.5373382170995076
7K6L,VZD,crystal_pocket,458.0,Ki,nM,0.9925127228101095,-1.654740532239278
7K6L,VZD,diffdock_pocket,458.0,Ki,nM,0.9902756214141846,-1.4195430278778076
7OYP,4J8,default,715.0,IC50,nM,0.9923268556594849,-0.1977569175263246
7OYP,4J8,crystal_pocket,715.0,IC50,nM,0.9286770224571228,0.09093999862670898
7OYP,4J8,diffdock_pocket,715.0,IC50,nM,0.9920771718025208,-0.15201992293198904
7QGX,MLI,default,1620000.0,Ki,nM,0.5559613108634949,2.1221632957458496
7QGX,MLI,crystal_pocket,1620000.0,Ki,nM,0.7274833917617798,0.8189644813537598
7QGX,MLI,diffdock_pocket,1620000.0,Ki,nM,0.5940137108167013,2.1811875899632773
7RNY,65M,default,9.300000190734863,Ki,nM,0.9948936700820923,-1.7094032764434814
7RNY,65M,crystal_pocket,9.300000190734863,Ki,nM,0.996252179145813,-1.758857250213623
7RNY,65M,diffdock_pocket,9.300000190734863,Ki,nM,0.9976083238919576,-2.226895570755005
7RNZ,AZI,default,1510000.0,Ki,nM,0.3153294622898102,1.3407352368036907
7RNZ,AZI,crystal_pocket,1510000.0,Ki,nM,0.11753510798472178,1.702003002166748
7RNZ,AZI,diffdock_pocket,1510000.0,Ki,nM,0.3716915746529897,1.4307326873143513
7Y2G,BCT,default,73000000.0,Ki,nM,0.4913908342520396,0.5503418346246084
7Y2G,BCT,crystal_pocket,73000000.0,Ki,nM,0.6885710755983988,0.16272613406181335
7Y2G,BCT,diffdock_pocket,73000000.0,Ki,nM,0.6653704841931661,0.34075894951820374
7Y2H,BCT,default,73000000.0,Ki,nM,0.49708423018455505,0.4394841094811757
7Y2H,BCT,crystal_pocket,73000000.0,Ki,nM,0.6883550683657328,0.2445410192012787
7Y2H,BCT,diffdock_pocket,73000000.0,Ki,nM,0.5716263552506765,0.367576003074646
8C0Q,SWU,default,32.0,Ki,nM,0.9604915181795756,-0.7221558690071106
8C0Q,SWU,crystal_pocket,32.0,Ki,nM,0.9813549717267355,-0.9193451404571533
8C0Q,SWU,diffdock_pocket,32.0,Ki,nM,0.9850667715072632,-0.910814901192983
8C0R,SXL,default,104.0,Ki,nM,0.966099202632904,-0.6951339344183604
8C0R,SXL,crystal_pocket,104.0,Ki,nM,0.9829133152961731,-1.2392847935358684
8C0R,SXL,diffdock_pocket,104.0,Ki,nM,0.9688155651092529,-0.9117472767829895
8FAU,SO4,default,300000000.0,Ki,nM,0.651561955610911,0.4953407148520152
8FAU,SO4,crystal_pocket,300000000.0,Ki,nM,0.27835876246293384,1.4507299661636353
8FAU,SO4,diffdock_pocket,300000000.0,Ki,nM,0.798362116018931,0.3605468273162842
8J2O,SO4,default,183000000.0,Ki,nM,0.5832824110984802,0.6005831360816956
8J2O,SO4,crystal_pocket,183000000.0,Ki,nM,0.6083103617032369,1.1535557707150776
8J2O,SO4,diffdock_pocket,183000000.0,Ki,nM,0.7845372955004374,0.38789990544319153
8OMB,VRN,default,9.0,IC50,nM,0.9777500430742899,-1.2959650754928589
8OMB,VRN,crystal_pocket,9.0,IC50,nM,0.9839797616004944,-1.4130013386408489
8OMB,VRN,diffdock_pocket,9.0,IC50,nM,0.9838993350664774,-1.3183866739273071
8ZWV,V7Z,default,125893.0,Kd,nM,0.9535043239593506,-0.044607315212488174
8ZWV,V7Z,crystal_pocket,125893.0,Kd,nM,0.9614139199256897,-0.15340419113636017
8ZWV,V7Z,diffdock_pocket,125893.0,Kd,nM,0.9648261268933614,-0.18672599891821542
