pdb_id,source,scenario,rmsd_angstrom
3DC3,boltz_cif,crystal_pocket,0.1426583166810471
3DC3,boltz_cif,default,0.1400800381784051
3DC3,boltz_cif,diffdock_pocket,0.13994360888887
3DC3,diffdock_complex_pdb,diffdock,0.2295192889453059
3KWA,boltz_cif,crystal_pocket,2.3562515776050765
3KWA,boltz_cif,default,2.373207003154236
3KWA,boltz_cif,diffdock_pocket,2.336897487975724
3KWA,diffdock_complex_pdb,diffdock,2.921000606701889
3L14,boltz_cif,crystal_pocket,0.8720097328997228
3L14,boltz_cif,default,0.8720549573767777
3L14,boltz_cif,diffdock_pocket,0.8794596335700766
3L14,diffdock_complex_pdb,diffdock,0.2068078260407499
3M2Y,boltz_cif,crystal_pocket,0.8009886059310516
3M2Y,boltz_cif,default,0.6964913021738082
3M2Y,boltz_cif,diffdock_pocket,0.6885045983785983
3M2Y,diffdock_complex_pdb,diffdock,0.5839841241578665
3M3X,boltz_cif,crystal_pocket,0.3499644217849084
3M3X,boltz_cif,default,0.4061859456748088
3M3X,boltz_cif,diffdock_pocket,0.3735056921274338
3M3X,diffdock_complex_pdb,diffdock,1.9047848365235072
3M40,boltz_cif,crystal_pocket,0.3206770512295873
3M40,boltz_cif,default,0.3430406395489987
3M40,boltz_cif,diffdock_pocket,0.3549057049846112
3M40,diffdock_complex_pdb,diffdock,4.1500253596907655
3M5E,boltz_cif,crystal_pocket,0.5816720569599171
3M5E,boltz_cif,default,0.5701991776003221
3M5E,boltz_cif,diffdock_pocket,0.6102866659097098
3M5E,diffdock_complex_pdb,diffdock,0.1817386260659563
3M67,boltz_cif,crystal_pocket,0.7329998624108761
3M67,boltz_cif,default,0.7368240366472157
3M67,boltz_cif,diffdock_pocket,0.757558996046329
3M67,diffdock_complex_pdb,diffdock,0.6979954425232631
3M98,boltz_cif,crystal_pocket,1.708315884966152
3M98,boltz_cif,default,1.853891768230008
3M98,boltz_cif,diffdock_pocket,1.261425197922516
3M98,diffdock_complex_pdb,diffdock,1.569438738110951
3MHI,boltz_cif,crystal_pocket,0.3022446090042824
3MHI,boltz_cif,default,0.1770073431288257
3MHI,boltz_cif,diffdock_pocket,0.2532789874824224
3MHI,diffdock_complex_pdb,diffdock,2.306118425919412
3MHL,boltz_cif,crystal_pocket,1.4344630322746104
3MHL,boltz_cif,default,1.5759401275347018
3MHL,boltz_cif,diffdock_pocket,1.487647581396075
3MHL,diffdock_complex_pdb,diffdock,2.6541373287441714
3MHM,boltz_cif,crystal_pocket,2.310289593216445
3MHM,boltz_cif,default,2.314517087048851
3MHM,boltz_cif,diffdock_pocket,2.3018442465810454
3MHM,diffdock_complex_pdb,diffdock,4.7496517330357655
3MHO,boltz_cif,crystal_pocket,1.335830985336892
3MHO,boltz_cif,default,1.3422080601584885
3MHO,boltz_cif,diffdock_pocket,1.3297214824707229
3MHO,diffdock_complex_pdb,diffdock,0.1401911687381522
3ML2,boltz_cif,crystal_pocket,2.069551721788557
3ML2,boltz_cif,default,2.103600198162232
3ML2,boltz_cif,diffdock_pocket,2.0541760276526926
3ML2,diffdock_complex_pdb,diffdock,0.8161834918394528
3MMF,boltz_cif,crystal_pocket,0.9596719888084974
3MMF,boltz_cif,default,0.4302257002427035
3MMF,boltz_cif,diffdock_pocket,0.655968149253975
3MMF,diffdock_complex_pdb,diffdock,0.935075934242676
3MNA,boltz_cif,crystal_pocket,0.7714462264638626
3MNA,boltz_cif,default,1.0089285618296269
3MNA,boltz_cif,diffdock_pocket,0.5346512509556658
3MNA,diffdock_complex_pdb,diffdock,1.2455636366094485
3MZC,boltz_cif,crystal_pocket,1.236527956678696
3MZC,boltz_cif,default,0.9892409157342266
3MZC,boltz_cif,diffdock_pocket,1.1736046134187998
3MZC,diffdock_complex_pdb,diffdock,0.2727216138869699
3N0N,boltz_cif,crystal_pocket,1.5963573545124528
3N0N,boltz_cif,default,1.609558744288868
3N0N,boltz_cif,diffdock_pocket,1.531664465382282
3N0N,diffdock_complex_pdb,diffdock,0.2219447921905264
3N3J,boltz_cif,crystal_pocket,1.2201998704483197
3N3J,boltz_cif,default,0.3464585552435793
3N3J,boltz_cif,diffdock_pocket,1.0734088863188054
3N3J,diffdock_complex_pdb,diffdock,0.3063613752437657
3N4B,boltz_cif,crystal_pocket,1.0678723071179297
3N4B,boltz_cif,default,1.1148966302843344
3N4B,boltz_cif,diffdock_pocket,1.0671295852549898
3N4B,diffdock_complex_pdb,diffdock,0.1883645173802679
3NB5,boltz_cif,crystal_pocket,1.1951752016585853
3NB5,boltz_cif,default,0.76310374121922
3NB5,boltz_cif,diffdock_pocket,1.7594606735633498
3NB5,diffdock_complex_pdb,diffdock,0.5790133974117598
3NI5,boltz_cif,crystal_pocket,1.486054458431167
3NI5,boltz_cif,default,2.031877421570958
3NI5,boltz_cif,diffdock_pocket,1.514920737173676
3NI5,diffdock_complex_pdb,diffdock,3.953821127989485
3OY0,boltz_cif,crystal_pocket,0.6072228710916376
3OY0,boltz_cif,default,0.8791002084137777
3OY0,boltz_cif,diffdock_pocket,0.5532542576549652
3OY0,diffdock_complex_pdb,diffdock,1.0858705673396094
3OYS,boltz_cif,crystal_pocket,0.0857855832204476
3OYS,boltz_cif,default,0.0731126071878227
3OYS,boltz_cif,diffdock_pocket,0.0911952981835887
3OYS,diffdock_complex_pdb,diffdock,0.1991139919443071
3P4V,boltz_cif,crystal_pocket,1.9280623803543628
3P4V,boltz_cif,default,2.0801684362824844
3P4V,boltz_cif,diffdock_pocket,2.1137521453125427
3P4V,diffdock_complex_pdb,diffdock,1.6040248170829952
3QYK,boltz_cif,crystal_pocket,0.9579916087123794
3QYK,boltz_cif,default,0.994125626852752
3QYK,boltz_cif,diffdock_pocket,1.125799263351118
3QYK,diffdock_complex_pdb,diffdock,1.057461350932482
3S8X,boltz_cif,crystal_pocket,0.8996193308174532
3S8X,boltz_cif,default,0.9330394086010853
3S8X,boltz_cif,diffdock_pocket,0.8461269161086755
3S8X,diffdock_complex_pdb,diffdock,1.8079733655792636
3S9T,boltz_cif,crystal_pocket,0.5871741609720316
3S9T,boltz_cif,default,0.5703757791259918
3S9T,boltz_cif,diffdock_pocket,0.9028228860937276
3S9T,diffdock_complex_pdb,diffdock,0.7630286272653816
3SAP,boltz_cif,crystal_pocket,0.7910832039350288
3SAP,boltz_cif,default,0.7498529940354098
3SAP,boltz_cif,diffdock_pocket,0.6976676254165103
3SAP,diffdock_complex_pdb,diffdock,1.4129421480307789
3SAX,boltz_cif,crystal_pocket,0.678656929967925
3SAX,boltz_cif,default,0.5894386603820368
3SAX,boltz_cif,diffdock_pocket,0.6491658802805863
3SAX,diffdock_complex_pdb,diffdock,0.3357820071005694
3SBH,boltz_cif,crystal_pocket,0.5909755698492059
3SBH,boltz_cif,default,0.6976525953743679
3SBH,boltz_cif,diffdock_pocket,0.646376587908471
3SBH,diffdock_complex_pdb,diffdock,0.227721913927519
3SBI,boltz_cif,crystal_pocket,0.2532336610160147
3SBI,boltz_cif,default,0.3628764850420737
3SBI,boltz_cif,diffdock_pocket,0.1054996002904214
3SBI,diffdock_complex_pdb,diffdock,0.2290432830942206
3V5G,boltz_cif,crystal_pocket,0.9822325036261312
3V5G,boltz_cif,default,1.178212832247146
3V5G,boltz_cif,diffdock_pocket,1.0747016754296457
3V5G,diffdock_complex_pdb,diffdock,0.1488600830367166
4CQ0,boltz_cif,crystal_pocket,0.1295627962029621
4CQ0,boltz_cif,default,0.1283056439200842
4CQ0,boltz_cif,diffdock_pocket,0.1278723103372606
4CQ0,diffdock_complex_pdb,diffdock,0.1626285417192828
4DZ7,boltz_cif,crystal_pocket,0.4999612253675143
4DZ7,boltz_cif,default,0.1672815664236816
4DZ7,boltz_cif,diffdock_pocket,1.1624474939573344
4DZ7,diffdock_complex_pdb,diffdock,0.2596606100114891
4E3D,boltz_cif,crystal_pocket,0.1562186964694518
4E3D,boltz_cif,default,0.0890139655851603
4E3D,boltz_cif,diffdock_pocket,0.1353469004093797
4E3D,diffdock_complex_pdb,diffdock,0.0818902752391308
4E3F,boltz_cif,crystal_pocket,0.1006441308338048
4E3F,boltz_cif,default,0.0508057211124873
4E3F,boltz_cif,diffdock_pocket,0.090217208946157
4E3F,diffdock_complex_pdb,diffdock,0.0887044348050509
4E3H,boltz_cif,crystal_pocket,0.0441026239035506
4E3H,boltz_cif,default,0.0480643703944096
4E3H,boltz_cif,diffdock_pocket,0.0432867568845467
4E3H,diffdock_complex_pdb,diffdock,0.0459014671397226
4E5Q,boltz_cif,crystal_pocket,0.0580855962799631
4E5Q,boltz_cif,default,0.0553359001471081
4E5Q,boltz_cif,diffdock_pocket,0.0599774403858776
4E5Q,diffdock_complex_pdb,diffdock,0.0436726518541563
4HT0,boltz_cif,crystal_pocket,0.7898883126477503
4HT0,boltz_cif,default,1.0300205846076391
4HT0,boltz_cif,diffdock_pocket,0.7131925310405858
4HT0,diffdock_complex_pdb,diffdock,1.3487092068584154
4K0S,boltz_cif,crystal_pocket,0.1254782543414111
4K0S,boltz_cif,default,0.1241318168602303
4K0S,boltz_cif,diffdock_pocket,0.1216398434185466
4K0S,diffdock_complex_pdb,diffdock,0.1357905039561605
4KNI,boltz_cif,crystal_pocket,1.932663914941672
4KNI,boltz_cif,default,1.9022499465343412
4KNI,boltz_cif,diffdock_pocket,2.030973864380784
4KNI,diffdock_complex_pdb,diffdock,1.820617465099048
4KNJ,boltz_cif,crystal_pocket,0.2957771390970735
4KNJ,boltz_cif,default,0.3184510827145227
4KNJ,boltz_cif,diffdock_pocket,0.3174441624499627
4KNJ,diffdock_complex_pdb,diffdock,0.1678281537422568
4MO8,boltz_cif,crystal_pocket,1.1716859712798644
4MO8,boltz_cif,default,1.102931459456941
4MO8,boltz_cif,diffdock_pocket,1.220673162882996
4MO8,diffdock_complex_pdb,diffdock,3.4627685515131184
4PYX,boltz_cif,crystal_pocket,1.463533330903399
4PYX,boltz_cif,default,1.4551684404499206
4PYX,boltz_cif,diffdock_pocket,1.48520676172846
4PYX,diffdock_complex_pdb,diffdock,1.4289956326697095
4PYY,boltz_cif,crystal_pocket,1.1695520709442986
4PYY,boltz_cif,default,1.4738722384455911
4PYY,boltz_cif,diffdock_pocket,1.3771160425226103
4PYY,diffdock_complex_pdb,diffdock,1.7104632650473497
4PZH,boltz_cif,crystal_pocket,0.775718388185803
4PZH,boltz_cif,default,0.3634855582891199
4PZH,boltz_cif,diffdock_pocket,0.648072366496578
4PZH,diffdock_complex_pdb,diffdock,1.3034022916902832
4Q7P,boltz_cif,crystal_pocket,0.032849071949541
4Q7P,boltz_cif,default,0.0309946514310154
4Q7P,boltz_cif,diffdock_pocket,0.0341426464689904
4Q7P,diffdock_complex_pdb,diffdock,0.049744402115368
4Q7S,boltz_cif,crystal_pocket,0.0356612942994121
4Q7S,boltz_cif,default,0.0392248998786902
4Q7S,boltz_cif,diffdock_pocket,0.0334914510436751
4Q7S,diffdock_complex_pdb,diffdock,0.0599359546000853
4Q7V,boltz_cif,crystal_pocket,0.0326293676569634
4Q7V,boltz_cif,default,0.0296336735821793
4Q7V,boltz_cif,diffdock_pocket,0.0308833259539694
4Q7V,diffdock_complex_pdb,diffdock,0.0390138632198629
4Q7W,boltz_cif,crystal_pocket,0.0357345295814989
4Q7W,boltz_cif,default,0.0349213301998373
4Q7W,boltz_cif,diffdock_pocket,0.0346807016867902
4Q7W,diffdock_complex_pdb,diffdock,0.0550830064197259
4Q81,boltz_cif,crystal_pocket,0.0369216507584786
4Q81,boltz_cif,default,0.036852546426843
4Q81,boltz_cif,diffdock_pocket,0.0387119755990133
4Q81,diffdock_complex_pdb,diffdock,0.0696689970453418
4Q83,boltz_cif,crystal_pocket,0.0652878011411352
4Q83,boltz_cif,default,0.0661736200787421
4Q83,boltz_cif,diffdock_pocket,0.0704649847884214
4Q83,diffdock_complex_pdb,diffdock,0.0854123236884389
4Q87,boltz_cif,crystal_pocket,0.0504410804332442
4Q87,boltz_cif,default,0.0443964758877443
4Q87,boltz_cif,diffdock_pocket,0.0424272632176405
4Q87,diffdock_complex_pdb,diffdock,0.0721495562786986
4Q8X,boltz_cif,crystal_pocket,0.0516382186110749
4Q8X,boltz_cif,default,0.1729998644002734
4Q8X,boltz_cif,diffdock_pocket,0.071498698837308
4Q8X,diffdock_complex_pdb,diffdock,0.1371526556019205
4Q8Y,boltz_cif,crystal_pocket,0.0552164900140154
4Q8Y,boltz_cif,default,0.053544087711783
4Q8Y,boltz_cif,diffdock_pocket,0.0572203922155027
4Q8Y,diffdock_complex_pdb,diffdock,0.0683338425086907
4QSA,boltz_cif,crystal_pocket,0.5697140339801035
4QSA,boltz_cif,default,0.6321677048243312
4QSA,boltz_cif,diffdock_pocket,0.5384218208908897
4QSA,diffdock_complex_pdb,diffdock,1.6949865567480875
4QSB,boltz_cif,crystal_pocket,0.2450897141246307
4QSB,boltz_cif,default,0.2755405999814357
4QSB,boltz_cif,diffdock_pocket,1.0132205247884485
4QSB,diffdock_complex_pdb,diffdock,1.092308625553832
4QSI,boltz_cif,crystal_pocket,0.6238957907817662
4QSI,boltz_cif,default,0.9746993680528614
4QSI,boltz_cif,diffdock_pocket,0.7135937117005288
4QSI,diffdock_complex_pdb,diffdock,2.2709852106730875
4QTL,boltz_cif,crystal_pocket,2.105052309940561
4QTL,boltz_cif,default,2.12049577372394
4QTL,boltz_cif,diffdock_pocket,2.2004584014439734
4QTL,diffdock_complex_pdb,diffdock,1.5647557004172314
4RFC,boltz_cif,crystal_pocket,1.095233146412476
4RFC,boltz_cif,default,0.8136871615699374
4RFC,boltz_cif,diffdock_pocket,0.9634086866918594
4RFC,diffdock_complex_pdb,diffdock,0.9547948166456806
4RFD,boltz_cif,crystal_pocket,0.1330304774966213
4RFD,boltz_cif,default,0.1342580178863161
4RFD,boltz_cif,diffdock_pocket,0.1356348127106826
4RFD,diffdock_complex_pdb,diffdock,1.907463205759478
4RH2,boltz_cif,crystal_pocket,0.3559975774322654
4RH2,boltz_cif,default,1.7669530808479712
4RH2,boltz_cif,diffdock_pocket,2.418804224657793
4RH2,diffdock_complex_pdb,diffdock,2.366110836837961
4RUX,boltz_cif,crystal_pocket,0.0927397361596781
4RUX,boltz_cif,default,0.0822509499437263
4RUX,boltz_cif,diffdock_pocket,0.0872074021784437
4RUX,diffdock_complex_pdb,diffdock,0.2833641317738118
4RUY,boltz_cif,crystal_pocket,0.0839869804626024
4RUY,boltz_cif,default,0.0930763519948495
4RUY,boltz_cif,diffdock_pocket,0.0778738806385005
4RUY,diffdock_complex_pdb,diffdock,0.1316572798114844
4RUZ,boltz_cif,crystal_pocket,0.1424575587647811
4RUZ,boltz_cif,default,0.1408567969684702
4RUZ,boltz_cif,diffdock_pocket,0.1241052227985265
4RUZ,diffdock_complex_pdb,diffdock,0.1211390354329434
4WL4,boltz_cif,crystal_pocket,0.0341238619186173
4WL4,boltz_cif,default,0.0274972316239607
4WL4,boltz_cif,diffdock_pocket,0.0300183797054026
4WL4,diffdock_complex_pdb,diffdock,0.0497718618507861
4WW6,boltz_cif,crystal_pocket,1.0374475963171177
4WW6,boltz_cif,default,0.6730261871227448
4WW6,boltz_cif,diffdock_pocket,0.8265246862297353
4WW6,diffdock_complex_pdb,diffdock,0.3038864863884168
4XE1,boltz_cif,crystal_pocket,0.1475819516419554
4XE1,boltz_cif,default,0.1994478757433886
4XE1,boltz_cif,diffdock_pocket,0.1812863255704687
4XE1,diffdock_complex_pdb,diffdock,0.0942427293023918
4YX4,boltz_cif,crystal_pocket,0.06642912207538
4YX4,boltz_cif,default,0.0591019639289405
4YX4,boltz_cif,diffdock_pocket,0.0578983076817651
4YX4,diffdock_complex_pdb,diffdock,0.1007394395241897
4YXI,boltz_cif,crystal_pocket,0.027566199463773
4YXI,boltz_cif,default,0.0397720131972045
4YXI,boltz_cif,diffdock_pocket,0.0381566564060895
4YXI,diffdock_complex_pdb,diffdock,0.0739762280445451
4YXO,boltz_cif,crystal_pocket,0.4128231746144866
4YXO,boltz_cif,default,0.4161239243985262
4YXO,boltz_cif,diffdock_pocket,0.4075602131072668
4YXO,diffdock_complex_pdb,diffdock,0.4521517153707839
4YXU,boltz_cif,crystal_pocket,0.3254610201618865
4YXU,boltz_cif,default,0.3371329435590827
4YXU,boltz_cif,diffdock_pocket,0.5063709652222894
4YXU,diffdock_complex_pdb,diffdock,0.4866303103750197
4YYT,boltz_cif,crystal_pocket,0.5378152528726482
4YYT,boltz_cif,default,0.8192269168579694
4YYT,boltz_cif,diffdock_pocket,0.1335057100383242
4YYT,diffdock_complex_pdb,diffdock,0.726353604782947
5A6H,boltz_cif,crystal_pocket,1.8015599323724447
5A6H,boltz_cif,default,1.8147683047068075
5A6H,boltz_cif,diffdock_pocket,1.8092871385744724
5A6H,diffdock_complex_pdb,diffdock,1.6772614175041942
5BYI,boltz_cif,crystal_pocket,0.4694946171970453
5BYI,boltz_cif,default,0.2202952471323085
5BYI,boltz_cif,diffdock_pocket,0.2266011924268929
5BYI,diffdock_complex_pdb,diffdock,0.5381702899417398
5C8I,boltz_cif,crystal_pocket,0.139094275884977
5C8I,boltz_cif,default,0.1392642801802327
5C8I,boltz_cif,diffdock_pocket,0.1360314746138937
5C8I,diffdock_complex_pdb,diffdock,0.9178935843700896
5E2R,boltz_cif,crystal_pocket,0.215421888499813
5E2R,boltz_cif,default,0.2052447315888327
5E2R,boltz_cif,diffdock_pocket,0.2517761963455068
5E2R,diffdock_complex_pdb,diffdock,0.2791507709477531
5EHE,boltz_cif,crystal_pocket,2.1826178042310937
5EHE,boltz_cif,default,2.308232519265334
5EHE,boltz_cif,diffdock_pocket,2.266817201293533
5EHE,diffdock_complex_pdb,diffdock,1.782169606488226
5FDC,boltz_cif,crystal_pocket,0.0811086535970813
5FDC,boltz_cif,default,0.5065214201224133
5FDC,boltz_cif,diffdock_pocket,0.0933902178524134
5FDC,diffdock_complex_pdb,diffdock,0.1077482291704694
5JQT,boltz_cif,crystal_pocket,0.0689455523813671
5JQT,boltz_cif,default,0.0872183927877
5JQT,boltz_cif,diffdock_pocket,0.1957045151288415
5JQT,diffdock_complex_pdb,diffdock,0.1072055300055751
5LL8,boltz_cif,crystal_pocket,0.0715581577707023
5LL8,boltz_cif,default,0.0752000427860907
5LL8,boltz_cif,diffdock_pocket,0.0654938555800898
5LL8,diffdock_complex_pdb,diffdock,0.2564255336026202
5LLC,boltz_cif,crystal_pocket,2.166489350024745
5LLC,boltz_cif,default,2.5275333185602697
5LLC,boltz_cif,diffdock_pocket,2.0157445930312634
5LLC,diffdock_complex_pdb,diffdock,1.8778965235624487
5LLE,boltz_cif,crystal_pocket,0.6744317253642935
5LLE,boltz_cif,default,0.5700388176476301
5LLE,boltz_cif,diffdock_pocket,0.7357418767026522
5LLE,diffdock_complex_pdb,diffdock,0.1517812603461537
5LLG,boltz_cif,crystal_pocket,0.3024317722755603
5LLG,boltz_cif,default,0.086106565894695
5LLG,boltz_cif,diffdock_pocket,0.4609595949203791
5LLG,diffdock_complex_pdb,diffdock,0.1322259591586563
5LLH,boltz_cif,crystal_pocket,0.2284045109051768
5LLH,boltz_cif,default,0.1930798996848193
5LLH,boltz_cif,diffdock_pocket,0.2198970979705589
5LLH,diffdock_complex_pdb,diffdock,0.3243704942015247
5M78,boltz_cif,crystal_pocket,0.0345831347904424
5M78,boltz_cif,default,0.037391051185259
5M78,boltz_cif,diffdock_pocket,0.0389117925003436
5M78,diffdock_complex_pdb,diffdock,0.0634395862134128
5N0D,boltz_cif,crystal_pocket,1.82579819038994
5N0D,boltz_cif,default,1.812353438709955
5N0D,boltz_cif,diffdock_pocket,1.832608384750864
5N0D,diffdock_complex_pdb,diffdock,1.7850023251780305
5N0E,boltz_cif,crystal_pocket,0.3580430494260375
5N0E,boltz_cif,default,0.3088951575261142
5N0E,boltz_cif,diffdock_pocket,0.3253481831908081
5N0E,diffdock_complex_pdb,diffdock,1.3753741477425343
5N1R,boltz_cif,crystal_pocket,1.1554209744862414
5N1R,boltz_cif,default,1.0340911274553333
5N1R,boltz_cif,diffdock_pocket,1.3323578001450127
5N1R,diffdock_complex_pdb,diffdock,1.0695858272057774
5N1S,boltz_cif,crystal_pocket,0.9066125026864976
5N1S,boltz_cif,default,0.58274326746012
5N1S,boltz_cif,diffdock_pocket,0.5896359629064928
5N1S,diffdock_complex_pdb,diffdock,0.2075928555718418
5N24,boltz_cif,crystal_pocket,0.0914340921839883
5N24,boltz_cif,default,0.0964516360574838
5N24,boltz_cif,diffdock_pocket,0.1038532758594657
5N24,diffdock_complex_pdb,diffdock,0.1416044459564849
5N25,boltz_cif,crystal_pocket,0.0949217727782977
5N25,boltz_cif,default,0.6802873141616974
5N25,boltz_cif,diffdock_pocket,0.7047743583975001
5N25,diffdock_complex_pdb,diffdock,0.9251588673096866
5NEA,boltz_cif,crystal_pocket,0.5858427735604508
5NEA,boltz_cif,default,0.8450335521171544
5NEA,boltz_cif,diffdock_pocket,0.9178955921230784
5NEA,diffdock_complex_pdb,diffdock,0.9066676766963672
5NEE,boltz_cif,crystal_pocket,0.9379194250280196
5NEE,boltz_cif,default,0.8899528128384981
5NEE,boltz_cif,diffdock_pocket,1.300874001481397
5NEE,diffdock_complex_pdb,diffdock,1.5329980182881928
5O07,boltz_cif,crystal_pocket,1.6974441564927842
5O07,boltz_cif,default,0.9976526598273976
5O07,boltz_cif,diffdock_pocket,1.6915839161107418
5O07,diffdock_complex_pdb,diffdock,3.53145978316891
5SZ4,boltz_cif,crystal_pocket,0.1849625563975164
5SZ4,boltz_cif,default,0.1555500336735195
5SZ4,boltz_cif,diffdock_pocket,0.1553559173485267
5SZ4,diffdock_complex_pdb,diffdock,0.1312805891689744
5SZ5,boltz_cif,crystal_pocket,0.3985360554955457
5SZ5,boltz_cif,default,1.0612784876310657
5SZ5,boltz_cif,diffdock_pocket,1.0380205412434638
5SZ5,diffdock_complex_pdb,diffdock,0.1581307111506686
5SZ6,boltz_cif,crystal_pocket,1.0848545483757306
5SZ6,boltz_cif,default,1.0986877536140922
5SZ6,boltz_cif,diffdock_pocket,1.093016836825743
5SZ6,diffdock_complex_pdb,diffdock,0.1273929852354835
5SZ7,boltz_cif,crystal_pocket,0.7127548849058088
5SZ7,boltz_cif,default,0.5461426740996563
5SZ7,boltz_cif,diffdock_pocket,0.6849045979980958
5SZ7,diffdock_complex_pdb,diffdock,0.1496910460512167
5TXY,boltz_cif,crystal_pocket,0.1492214891111559
5TXY,boltz_cif,default,0.1880949505160703
5TXY,boltz_cif,diffdock_pocket,0.5423387398148422
5TXY,diffdock_complex_pdb,diffdock,0.964549393740094
5TY1,boltz_cif,crystal_pocket,1.3177887225693294
5TY1,boltz_cif,default,1.919599635833916
5TY1,boltz_cif,diffdock_pocket,1.352337421468372
5TY1,diffdock_complex_pdb,diffdock,0.3836989056196581
5TY8,boltz_cif,crystal_pocket,0.1213500248616089
5TY8,boltz_cif,default,0.2009100521641573
5TY8,boltz_cif,diffdock_pocket,0.1157776426999431
5TY8,diffdock_complex_pdb,diffdock,0.974243570451721
5TY9,boltz_cif,crystal_pocket,1.1581115789529528
5TY9,boltz_cif,default,1.1138620658567862
5TY9,boltz_cif,diffdock_pocket,1.296397884303389
5TY9,diffdock_complex_pdb,diffdock,0.3870160662208455
5TYA,boltz_cif,crystal_pocket,0.1783784363162845
5TYA,boltz_cif,default,0.8171120907861914
5TYA,boltz_cif,diffdock_pocket,0.8721529294379715
5TYA,diffdock_complex_pdb,diffdock,0.2629478697321533
5U0D,boltz_cif,crystal_pocket,0.9369349885292032
5U0D,boltz_cif,default,1.0962746582513905
5U0D,boltz_cif,diffdock_pocket,2.046039691178829
5U0D,diffdock_complex_pdb,diffdock,0.4509597948474505
5U0E,boltz_cif,crystal_pocket,0.1776703896024599
5U0E,boltz_cif,default,0.1780231992451094
5U0E,boltz_cif,diffdock_pocket,0.1621007156026233
5U0E,diffdock_complex_pdb,diffdock,0.3406291882701922
5U0F,boltz_cif,crystal_pocket,0.5727171111909383
5U0F,boltz_cif,default,0.5369956671280031
5U0F,boltz_cif,diffdock_pocket,0.5247391549920573
5U0F,diffdock_complex_pdb,diffdock,2.276063287725428
5U0G,boltz_cif,crystal_pocket,1.8060082809252276
5U0G,boltz_cif,default,1.7917115757202566
5U0G,boltz_cif,diffdock_pocket,1.809234576854804
5U0G,diffdock_complex_pdb,diffdock,1.4810484878554229
5ULN,boltz_cif,crystal_pocket,0.1417236388331502
5ULN,boltz_cif,default,0.1023416324066439
5ULN,boltz_cif,diffdock_pocket,0.1422140651715265
5ULN,diffdock_complex_pdb,diffdock,0.2511837902899473
5VGY,boltz_cif,crystal_pocket,0.4980767961633309
5VGY,boltz_cif,default,0.5142681446240703
5VGY,boltz_cif,diffdock_pocket,0.5034023877569119
5VGY,diffdock_complex_pdb,diffdock,0.4611702372042378
5WEX,boltz_cif,crystal_pocket,0.1272559280891536
5WEX,boltz_cif,default,0.1714675800286276
5WEX,boltz_cif,diffdock_pocket,0.14189041223286
5WEX,diffdock_complex_pdb,diffdock,0.2517525480601869
6BBS,boltz_cif,crystal_pocket,1.6985132384860997
6BBS,boltz_cif,default,2.0294781064161542
6BBS,boltz_cif,diffdock_pocket,2.039860868716731
6BBS,diffdock_complex_pdb,diffdock,1.486077951818497
6BC9,boltz_cif,crystal_pocket,0.186557688399296
6BC9,boltz_cif,default,0.1415801963561647
6BC9,boltz_cif,diffdock_pocket,0.6523010237517708
6BC9,diffdock_complex_pdb,diffdock,0.8291882053794035
6BCC,boltz_cif,crystal_pocket,0.1374267529866805
6BCC,boltz_cif,default,0.1223101444132517
6BCC,boltz_cif,diffdock_pocket,0.1598160277585311
6BCC,diffdock_complex_pdb,diffdock,0.2365033918823537
6C7W,boltz_cif,crystal_pocket,0.8183626778219678
6C7W,boltz_cif,default,0.6665408680326916
6C7W,boltz_cif,diffdock_pocket,0.7449711388088271
6C7W,diffdock_complex_pdb,diffdock,0.6551754472210917
6C7X,boltz_cif,crystal_pocket,1.0138978769440017
6C7X,boltz_cif,default,1.1719793503584934
6C7X,boltz_cif,diffdock_pocket,0.95783183369192
6C7X,diffdock_complex_pdb,diffdock,0.8364247429044017
6D1L,boltz_cif,crystal_pocket,0.7244517701640542
6D1L,boltz_cif,default,0.7046125841341092
6D1L,boltz_cif,diffdock_pocket,0.7415931051981554
6D1L,diffdock_complex_pdb,diffdock,0.2072195027624549
6D1M,boltz_cif,crystal_pocket,0.263489342910107
6D1M,boltz_cif,default,0.3092340571627905
6D1M,boltz_cif,diffdock_pocket,0.3233201796221085
6D1M,diffdock_complex_pdb,diffdock,0.2834424111328591
6EQU,boltz_cif,crystal_pocket,0.654744829321697
6EQU,boltz_cif,default,1.0787309370103983
6EQU,boltz_cif,diffdock_pocket,1.6997582384102927
6EQU,diffdock_complex_pdb,diffdock,4.420977821365506
6G6T,boltz_cif,crystal_pocket,0.9147215677800532
6G6T,boltz_cif,default,0.963464496047022
6G6T,boltz_cif,diffdock_pocket,0.4506451944684608
6G6T,diffdock_complex_pdb,diffdock,0.431165708774151
6GDC,boltz_cif,crystal_pocket,0.0755183298102564
6GDC,boltz_cif,default,0.0753769308134418
6GDC,boltz_cif,diffdock_pocket,0.0706065942100487
6GDC,diffdock_complex_pdb,diffdock,0.095722319707937
6GM9,boltz_cif,crystal_pocket,0.0286834901264929
6GM9,boltz_cif,default,0.0291173488065029
6GM9,boltz_cif,diffdock_pocket,0.0376387473359704
6GM9,diffdock_complex_pdb,diffdock,0.0768102411826869
6GOT,boltz_cif,crystal_pocket,0.6635819407974768
6GOT,boltz_cif,default,1.003785055672678
6GOT,boltz_cif,diffdock_pocket,0.9483791822868676
6GOT,diffdock_complex_pdb,diffdock,0.6448288606440429
6H2Z,boltz_cif,crystal_pocket,0.2184370023980766
6H2Z,boltz_cif,default,0.2313580484107624
6H2Z,boltz_cif,diffdock_pocket,0.1805792118737519
6H2Z,diffdock_complex_pdb,diffdock,0.5155900521668232
6H33,boltz_cif,crystal_pocket,0.2092916659666657
6H33,boltz_cif,default,0.2175839769314702
6H33,boltz_cif,diffdock_pocket,0.204160946324182
6H33,diffdock_complex_pdb,diffdock,0.5154789194520267
6H34,boltz_cif,crystal_pocket,1.3506835675733009
6H34,boltz_cif,default,0.4690476819155277
6H34,boltz_cif,diffdock_pocket,1.0340694246360385
6H34,diffdock_complex_pdb,diffdock,0.5126211248814844
6H3Q,boltz_cif,crystal_pocket,0.7637758283356526
6H3Q,boltz_cif,default,0.7612618860013863
6H3Q,boltz_cif,diffdock_pocket,0.7650950734488834
6H3Q,diffdock_complex_pdb,diffdock,0.6573787365754697
6HQX,boltz_cif,crystal_pocket,0.0995886676464058
6HQX,boltz_cif,default,0.0563152536637888
6HQX,boltz_cif,diffdock_pocket,0.0473163931715291
6HQX,diffdock_complex_pdb,diffdock,0.1411877027104633
6HR3,boltz_cif,crystal_pocket,0.0915028020933846
6HR3,boltz_cif,default,0.082061095773614
6HR3,boltz_cif,diffdock_pocket,0.0759081528397876
6HR3,diffdock_complex_pdb,diffdock,0.1522068586020522
6HX5,boltz_cif,crystal_pocket,0.0720937390084708
6HX5,boltz_cif,default,0.0733145328178222
6HX5,boltz_cif,diffdock_pocket,0.0695148339482959
6HX5,diffdock_complex_pdb,diffdock,0.0775057132790857
6HXD,boltz_cif,crystal_pocket,0.0471606526237525
6HXD,boltz_cif,default,0.0604708120977146
6HXD,boltz_cif,diffdock_pocket,0.0683663380165076
6HXD,diffdock_complex_pdb,diffdock,0.2477273392910915
6I1U,boltz_cif,crystal_pocket,0.1739828366988965
6I1U,boltz_cif,default,0.1767745743708062
6I1U,boltz_cif,diffdock_pocket,0.2238049986900509
6I1U,diffdock_complex_pdb,diffdock,0.1214511903929493
6I2F,boltz_cif,crystal_pocket,0.0881268475971004
6I2F,boltz_cif,default,0.0968099463915251
6I2F,boltz_cif,diffdock_pocket,0.0834006818000561
6I2F,diffdock_complex_pdb,diffdock,0.0888135905470724
6LV1,boltz_cif,crystal_pocket,0.0911461140099411
6LV1,boltz_cif,default,0.0858961984274088
6LV1,boltz_cif,diffdock_pocket,0.093188380822853
6LV1,diffdock_complex_pdb,diffdock,1.560899037549678
6LV2,boltz_cif,crystal_pocket,0.062524756163529
6LV2,boltz_cif,default,0.057935457284845
6LV2,boltz_cif,diffdock_pocket,0.0619121019035816
6LV2,diffdock_complex_pdb,diffdock,1.441095122930072
6LV4,boltz_cif,crystal_pocket,0.0484441639689955
6LV4,boltz_cif,default,0.0483824758830846
6LV4,boltz_cif,diffdock_pocket,0.0470457229527558
6LV4,diffdock_complex_pdb,diffdock,1.3890445021142217
6LV6,boltz_cif,crystal_pocket,0.043473750458923
6LV6,boltz_cif,default,0.0421669358090229
6LV6,boltz_cif,diffdock_pocket,0.0357733908917228
6LV6,diffdock_complex_pdb,diffdock,1.1379862425211935
6LV8,boltz_cif,crystal_pocket,0.0546181174846878
6LV8,boltz_cif,default,0.0564947117304094
6LV8,boltz_cif,diffdock_pocket,0.050951454734645
6LV8,diffdock_complex_pdb,diffdock,1.6590707780837384
6ODZ,boltz_cif,crystal_pocket,0.8365173922091477
6ODZ,boltz_cif,default,0.2491591223192053
6ODZ,boltz_cif,diffdock_pocket,0.3024659608076008
6ODZ,diffdock_complex_pdb,diffdock,1.355800246035732
6OE0,boltz_cif,crystal_pocket,1.6259185784642112
6OE0,boltz_cif,default,1.567148812537386
6OE0,boltz_cif,diffdock_pocket,1.53914537602075
6OE0,diffdock_complex_pdb,diffdock,1.9017328992668672
6PDV,boltz_cif,crystal_pocket,0.0694974167005538
6PDV,boltz_cif,default,0.0773613952298528
6PDV,boltz_cif,diffdock_pocket,0.0727312185604976
6PDV,diffdock_complex_pdb,diffdock,0.8892816989926969
6PGX,boltz_cif,crystal_pocket,1.7908218483851293
6PGX,boltz_cif,default,1.6951337083722924
6PGX,boltz_cif,diffdock_pocket,1.6700142764034571
6PGX,diffdock_complex_pdb,diffdock,2.005480618417675
6R6F,boltz_cif,crystal_pocket,1.3397166411524464
6R6F,boltz_cif,default,1.277744960456856
6R6F,boltz_cif,diffdock_pocket,1.219899375904992
6R6F,diffdock_complex_pdb,diffdock,0.5416411979337521
6R6J,boltz_cif,crystal_pocket,1.3752590881738644
6R6J,boltz_cif,default,1.428935019605812
6R6J,boltz_cif,diffdock_pocket,1.3792161967035437
6R6J,diffdock_complex_pdb,diffdock,1.63510872671819
6RFH,boltz_cif,crystal_pocket,0.1380929250763972
6RFH,boltz_cif,default,0.1537244995221518
6RFH,boltz_cif,diffdock_pocket,0.1415769957824452
6RFH,diffdock_complex_pdb,diffdock,0.0883247614186435
6RG3,boltz_cif,crystal_pocket,1.7744340784046284
6RG3,boltz_cif,default,1.8528066330189197
6RG3,boltz_cif,diffdock_pocket,1.8652421774701151
6RG3,diffdock_complex_pdb,diffdock,1.865323115543076
6RG4,boltz_cif,crystal_pocket,1.4205768649884616
6RG4,boltz_cif,default,1.472108339207602
6RG4,boltz_cif,diffdock_pocket,1.351769863074482
6RG4,diffdock_complex_pdb,diffdock,1.522415546861552
6RG5,boltz_cif,crystal_pocket,0.9566846350169154
6RG5,boltz_cif,default,0.9578933595781984
6RG5,boltz_cif,diffdock_pocket,0.9468358153212044
6RG5,diffdock_complex_pdb,diffdock,0.8695837950312032
6RH4,boltz_cif,crystal_pocket,0.3535229638980269
6RH4,boltz_cif,default,0.3752485017916816
6RH4,boltz_cif,diffdock_pocket,0.367240675863499
6RH4,diffdock_complex_pdb,diffdock,2.5378551552789856
6RIG,boltz_cif,crystal_pocket,0.4911819540160967
6RIG,boltz_cif,default,0.501408436151245
6RIG,boltz_cif,diffdock_pocket,0.5115396488185057
6RIG,diffdock_complex_pdb,diffdock,0.5228409515890986
6RKN,boltz_cif,crystal_pocket,0.0630643253193503
6RKN,boltz_cif,default,0.0446868482156703
6RKN,boltz_cif,diffdock_pocket,0.044710691161826
6RKN,diffdock_complex_pdb,diffdock,0.1113674096383507
6RL9,boltz_cif,crystal_pocket,0.0400615091927582
6RL9,boltz_cif,default,0.0359175592331818
6RL9,boltz_cif,diffdock_pocket,0.0390397047809093
6RL9,diffdock_complex_pdb,diffdock,0.083519792851698
6RRI,boltz_cif,crystal_pocket,0.8661023781847056
6RRI,boltz_cif,default,0.6052183791542948
6RRI,boltz_cif,diffdock_pocket,0.6244070945783258
6RRI,diffdock_complex_pdb,diffdock,0.0782078654301936
6SBH,boltz_cif,crystal_pocket,0.4776635060841714
6SBH,boltz_cif,default,0.4770902128496369
6SBH,boltz_cif,diffdock_pocket,0.4830092979079417
6SBH,diffdock_complex_pdb,diffdock,0.427641724603544
6SBL,boltz_cif,crystal_pocket,0.8821424024122484
6SBL,boltz_cif,default,0.4302339705203276
6SBL,boltz_cif,diffdock_pocket,0.5444383152232973
6SBL,diffdock_complex_pdb,diffdock,2.9720964895118174
6SBM,boltz_cif,crystal_pocket,0.5706714692466897
6SBM,boltz_cif,default,0.7098620218977799
6SBM,boltz_cif,diffdock_pocket,0.8305804921885017
6SBM,diffdock_complex_pdb,diffdock,2.7924792644103555
6SD7,boltz_cif,crystal_pocket,0.1066609982143059
6SD7,boltz_cif,default,0.5453561692490085
6SD7,boltz_cif,diffdock_pocket,0.5881473670664646
6SD7,diffdock_complex_pdb,diffdock,0.0920360155751686
6SDS,boltz_cif,crystal_pocket,0.5119504810355334
6SDS,boltz_cif,default,0.4938965615626453
6SDS,boltz_cif,diffdock_pocket,0.532840262091338
6SDS,diffdock_complex_pdb,diffdock,0.5527406804362196
6SFQ,boltz_cif,crystal_pocket,0.1606318931139386
6SFQ,boltz_cif,default,0.1709532498458791
6SFQ,boltz_cif,diffdock_pocket,0.1168671331163634
6SFQ,diffdock_complex_pdb,diffdock,0.9438781114896572
6SG0,boltz_cif,crystal_pocket,0.4598866538148306
6SG0,boltz_cif,default,0.4422042359850341
6SG0,boltz_cif,diffdock_pocket,0.5886666734914001
6SG0,diffdock_complex_pdb,diffdock,0.6112488740441588
6T4P,boltz_cif,crystal_pocket,0.9444982177362936
6T4P,boltz_cif,default,0.3274059921224475
6T4P,boltz_cif,diffdock_pocket,0.9429049570779832
6T4P,diffdock_complex_pdb,diffdock,0.2091457318593633
6T81,boltz_cif,crystal_pocket,0.0189778847536183
6T81,boltz_cif,default,0.0204250915759677
6T81,boltz_cif,diffdock_pocket,0.023194647368978
6T81,diffdock_complex_pdb,diffdock,1.8398695337145707
6UX1,boltz_cif,crystal_pocket,0.0276780963289853
6UX1,boltz_cif,default,0.0267494740450853
6UX1,boltz_cif,diffdock_pocket,0.1019152985012641
6UX1,diffdock_complex_pdb,diffdock,0.0390752430988252
6WKA,boltz_cif,crystal_pocket,0.7010423812534087
6WKA,boltz_cif,default,0.6604981785510257
6WKA,boltz_cif,diffdock_pocket,2.149852644951082
6WKA,diffdock_complex_pdb,diffdock,1.9191061518973247
6WQ4,boltz_cif,crystal_pocket,3.804548037504959
6WQ4,boltz_cif,default,3.2162037065467266
6WQ4,boltz_cif,diffdock_pocket,3.770526785080116
6WQ4,diffdock_complex_pdb,diffdock,3.93341136733105
6WQ5,boltz_cif,crystal_pocket,1.5524952220372787
6WQ5,boltz_cif,default,1.5031276248180978
6WQ5,boltz_cif,diffdock_pocket,0.9097858080870984
6WQ5,diffdock_complex_pdb,diffdock,2.0906327081187777
6WQ7,boltz_cif,crystal_pocket,3.260474215649121
6WQ7,boltz_cif,default,3.942154897164267
6WQ7,boltz_cif,diffdock_pocket,3.606152729866031
6WQ7,diffdock_complex_pdb,diffdock,3.9290802692729834
6WQ8,boltz_cif,crystal_pocket,1.2164023095228622
6WQ8,boltz_cif,default,1.0983693470766311
6WQ8,boltz_cif,diffdock_pocket,1.0620748111052492
6WQ8,diffdock_complex_pdb,diffdock,3.5717386521289085
6WQ9,boltz_cif,crystal_pocket,1.2098116232427678
6WQ9,boltz_cif,default,1.2801284917259887
6WQ9,boltz_cif,diffdock_pocket,1.2393626545125247
6WQ9,diffdock_complex_pdb,diffdock,3.073031833643445
6YPW,boltz_cif,crystal_pocket,2.531338389181092
6YPW,boltz_cif,default,2.6994599638870307
6YPW,boltz_cif,diffdock_pocket,2.473626047095676
6YPW,diffdock_complex_pdb,diffdock,2.035098741927546
6YRI,boltz_cif,crystal_pocket,0.1170552012022924
6YRI,boltz_cif,default,0.2562147394274011
6YRI,boltz_cif,diffdock_pocket,0.1791171614432049
6YRI,diffdock_complex_pdb,diffdock,0.570728593106686
6ZR8,boltz_cif,crystal_pocket,1.1842958006876196
6ZR8,boltz_cif,default,1.189041269319462
6ZR8,boltz_cif,diffdock_pocket,1.049225008418512
6ZR8,diffdock_complex_pdb,diffdock,1.322022254651338
7ASJ,boltz_cif,crystal_pocket,0.6166128704621074
7ASJ,boltz_cif,default,0.7948143596828381
7ASJ,boltz_cif,diffdock_pocket,0.5692819927779119
7ASJ,diffdock_complex_pdb,diffdock,1.206063834225832
7JNR,boltz_cif,crystal_pocket,0.1195609497503893
7JNR,boltz_cif,default,0.1273171455745676
7JNR,boltz_cif,diffdock_pocket,0.1244564081568702
7JNR,diffdock_complex_pdb,diffdock,0.2421208110704409
7JNV,boltz_cif,crystal_pocket,0.8134642463837187
7JNV,boltz_cif,default,0.2228501854912969
7JNV,boltz_cif,diffdock_pocket,0.2848208504381226
7JNV,diffdock_complex_pdb,diffdock,0.2308614691381359
7JNW,boltz_cif,crystal_pocket,0.0797302356585402
7JNW,boltz_cif,default,0.0771168954674619
7JNW,boltz_cif,diffdock_pocket,0.074567104096803
7JNW,diffdock_complex_pdb,diffdock,0.2019694939090336
7JNX,boltz_cif,crystal_pocket,0.4305571219867328
7JNX,boltz_cif,default,0.4771664897702276
7JNX,boltz_cif,diffdock_pocket,0.5181661777052544
7JNX,diffdock_complex_pdb,diffdock,0.4003460635514729
7JNZ,boltz_cif,crystal_pocket,0.253238410388072
7JNZ,boltz_cif,default,0.2831514428535005
7JNZ,boltz_cif,diffdock_pocket,0.3112554911567746
7JNZ,diffdock_complex_pdb,diffdock,0.8545675178244905
7K6I,boltz_cif,crystal_pocket,1.8415365253226383
7K6I,boltz_cif,default,1.757681345963013
7K6I,boltz_cif,diffdock_pocket,2.377732949814224
7K6I,diffdock_complex_pdb,diffdock,2.099667970871751
7K6J,boltz_cif,crystal_pocket,1.2708702828374416
7K6J,boltz_cif,default,1.5679175752061063
7K6J,boltz_cif,diffdock_pocket,1.3770511924569542
7K6J,diffdock_complex_pdb,diffdock,1.3528235272249696
7K6K,boltz_cif,crystal_pocket,1.4892949642198052
7K6K,boltz_cif,default,1.5939814902794405
7K6K,boltz_cif,diffdock_pocket,1.5062895514876955
7K6K,diffdock_complex_pdb,diffdock,2.073030050601142
7K6L,boltz_cif,crystal_pocket,1.504280557998804
7K6L,boltz_cif,default,1.5228907233369444
7K6L,boltz_cif,diffdock_pocket,1.3577183890843083
7K6L,diffdock_complex_pdb,diffdock,1.4261938286691502
7OYP,boltz_cif,crystal_pocket,0.0421477309785613
7OYP,boltz_cif,default,0.4000329002265975
7OYP,boltz_cif,diffdock_pocket,0.4047475534278256
7OYP,diffdock_complex_pdb,diffdock,0.4044446762331336
7QGX,boltz_cif,crystal_pocket,0.1957895511800291
7QGX,boltz_cif,default,0.2018847371051212
7QGX,boltz_cif,diffdock_pocket,0.2501480868537062
7QGX,diffdock_complex_pdb,diffdock,1.3821903426532698
7RNY,boltz_cif,crystal_pocket,0.8085492726491159
7RNY,boltz_cif,default,1.744589159009129
7RNY,boltz_cif,diffdock_pocket,0.8094312210145571
7RNY,diffdock_complex_pdb,diffdock,1.8657494598742832
7RNZ,boltz_cif,crystal_pocket,0.2749084032187195
7RNZ,boltz_cif,default,0.272013326954329
7RNZ,boltz_cif,diffdock_pocket,0.2778656712915686
7RNZ,diffdock_complex_pdb,diffdock,1.0419516870160657
7Y2G,boltz_cif,crystal_pocket,0.0589028639447626
7Y2G,boltz_cif,default,0.0582024638724922
7Y2G,boltz_cif,diffdock_pocket,0.0594561538254914
7Y2G,diffdock_complex_pdb,diffdock,1.1427506291266856
7Y2H,boltz_cif,crystal_pocket,0.0627649770675508
7Y2H,boltz_cif,default,0.0598708891931614
7Y2H,boltz_cif,diffdock_pocket,0.0599899652981142
7Y2H,diffdock_complex_pdb,diffdock,1.400569883804819
8C0Q,boltz_cif,crystal_pocket,0.3053048373899952
8C0Q,boltz_cif,default,0.3463283697330631
8C0Q,boltz_cif,diffdock_pocket,0.3373571981662371
8C0Q,diffdock_complex_pdb,diffdock,1.145538527571402
8C0R,boltz_cif,crystal_pocket,0.4146955607579087
8C0R,boltz_cif,default,0.837660828203053
8C0R,boltz_cif,diffdock_pocket,0.4195996259851434
8C0R,diffdock_complex_pdb,diffdock,1.5236486161317804
8OMB,boltz_cif,crystal_pocket,1.2794618307230727
8OMB,boltz_cif,default,0.8254103460468856
8OMB,boltz_cif,diffdock_pocket,1.3184020037451225
8OMB,diffdock_complex_pdb,diffdock,1.5792903617108949
8ZWV,boltz_cif,crystal_pocket,0.09841470995424
8ZWV,boltz_cif,default,0.097649674692499
8ZWV,boltz_cif,diffdock_pocket,0.0934783672763004
8ZWV,diffdock_complex_pdb,diffdock,0.1238489474074494
